sample,time_s,Fx,Fy,Fz,Mx,My,Mz,COP_AP,COP_ML,fs
0,0.000,1.723319,1.118898,689.699961,0.134268,-0.206798,0.000000,-38.733385,10.108050,1000
1,0.001,1.741381,1.122379,689.748362,0.134686,-0.208966,0.000170,-38.715207,10.111158,1000
2,0.002,1.759406,1.125849,689.796723,0.135102,-0.211129,0.000339,-38.697042,10.114262,1000
3,0.003,1.777392,1.129306,689.845029,0.135517,-0.213287,0.000509,-38.678890,10.117361,1000
4,0.004,1.795336,1.132748,689.893263,0.135930,-0.215440,0.000679,-38.660753,10.120456,1000
5,0.005,1.813235,1.136176,689.941410,0.136341,-0.217588,0.000848,-38.642629,10.123545,1000
6,0.006,1.831087,1.139588,689.989452,0.136751,-0.219730,0.001018,-38.624521,10.126629,1000
7,0.007,1.848888,1.142982,690.037374,0.137158,-0.221867,0.001187,-38.606429,10.129707,1000
8,0.008,1.866637,1.146360,690.085160,0.137563,-0.223996,0.001357,-38.588354,10.132779,1000
9,0.009,1.884328,1.149718,690.132793,0.137966,-0.226119,0.001526,-38.570296,10.135845,1000
10,0.010,1.901961,1.153056,690.180258,0.138367,-0.228235,0.001696,-38.552255,10.138905,1000
11,0.011,1.919532,1.156374,690.227538,0.138765,-0.230344,0.001865,-38.534233,10.141957,1000
12,0.012,1.937039,1.159671,690.274617,0.139160,-0.232445,0.002034,-38.516231,10.145002,1000
13,0.013,1.954478,1.162944,690.321481,0.139553,-0.234537,0.002203,-38.498248,10.148040,1000
14,0.014,1.971847,1.166194,690.368112,0.139943,-0.236622,0.002373,-38.480286,10.151070,1000
15,0.015,1.989143,1.169420,690.414495,0.140330,-0.238697,0.002542,-38.462344,10.154092,1000
16,0.016,2.006363,1.172620,690.460614,0.140714,-0.240764,0.002711,-38.444425,10.157105,1000
17,0.017,2.023504,1.175793,690.506455,0.141095,-0.242821,0.002880,-38.426528,10.160110,1000
18,0.018,2.040564,1.178939,690.552001,0.141473,-0.244868,0.003048,-38.408654,10.163106,1000
19,0.019,2.057540,1.182057,690.597238,0.141847,-0.246905,0.003217,-38.390804,10.166093,1000
20,0.020,2.074430,1.185146,690.642150,0.142217,-0.248932,0.003386,-38.372978,10.169070,1000
21,0.021,2.091229,1.188204,690.686722,0.142584,-0.250948,0.003554,-38.355177,10.172037,1000
22,0.022,2.107937,1.191231,690.730939,0.142948,-0.252952,0.003723,-38.337402,10.174995,1000
23,0.023,2.124549,1.194226,690.774786,0.143307,-0.254946,0.003891,-38.319654,10.177942,1000
24,0.024,2.141064,1.197188,690.818249,0.143663,-0.256928,0.004059,-38.301932,10.180878,1000
25,0.025,2.157478,1.200116,690.861313,0.144014,-0.258897,0.004227,-38.284238,10.183803,1000
26,0.026,2.173789,1.203009,690.903964,0.144361,-0.260855,0.004395,-38.266572,10.186718,1000
27,0.027,2.189995,1.205867,690.946188,0.144704,-0.262799,0.004563,-38.248935,10.189620,1000
28,0.028,2.206092,1.208687,690.987970,0.145042,-0.264731,0.004730,-38.231328,10.192511,1000
29,0.029,2.222079,1.211470,691.029297,0.145376,-0.266649,0.004898,-38.213751,10.195390,1000
30,0.030,2.237952,1.214214,691.070155,0.145706,-0.268554,0.005065,-38.196205,10.198256,1000
31,0.031,2.253709,1.216919,691.110530,0.146030,-0.270445,0.005232,-38.178690,10.201109,1000
32,0.032,2.269347,1.219584,691.150410,0.146350,-0.272322,0.005399,-38.161207,10.203950,1000
33,0.033,2.284865,1.222207,691.189781,0.146665,-0.274184,0.005566,-38.143757,10.206777,1000
34,0.034,2.300258,1.224788,691.228629,0.146975,-0.276031,0.005732,-38.126341,10.209591,1000
35,0.035,2.315526,1.227326,691.266943,0.147279,-0.277863,0.005899,-38.108958,10.212391,1000
36,0.036,2.330665,1.229819,691.304710,0.147578,-0.279680,0.006065,-38.091611,10.215177,1000
37,0.037,2.345672,1.232269,691.341918,0.147872,-0.281481,0.006231,-38.074298,10.217949,1000
38,0.038,2.360547,1.234672,691.378553,0.148161,-0.283266,0.006397,-38.057021,10.220705,1000
39,0.039,2.375285,1.237029,691.414606,0.148443,-0.285034,0.006563,-38.039781,10.223447,1000
40,0.040,2.389885,1.239338,691.450063,0.148721,-0.286786,0.006728,-38.022579,10.226174,1000
41,0.041,2.404345,1.241599,691.484913,0.148992,-0.288521,0.006893,-38.005413,10.228885,1000
42,0.042,2.418661,1.243810,691.519146,0.149257,-0.290239,0.007058,-37.988287,10.231580,1000
43,0.043,2.432832,1.245972,691.552750,0.149517,-0.291940,0.007223,-37.971199,10.234259,1000
44,0.044,2.446856,1.248083,691.585714,0.149770,-0.293623,0.007388,-37.954151,10.236922,1000
45,0.045,2.460730,1.250141,691.618029,0.150017,-0.295288,0.007552,-37.937144,10.239568,1000
46,0.046,2.474451,1.252148,691.649684,0.150258,-0.296934,0.007716,-37.920177,10.242198,1000
47,0.047,2.488019,1.254101,691.680668,0.150492,-0.298562,0.007880,-37.903252,10.244810,1000
48,0.048,2.501430,1.255999,691.710973,0.150720,-0.300172,0.008043,-37.886369,10.247404,1000
49,0.049,2.514682,1.257843,691.740588,0.150941,-0.301762,0.008207,-37.869529,10.249981,1000
50,0.050,2.527774,1.259630,691.769506,0.151156,-0.303333,0.008370,-37.852732,10.252540,1000
51,0.051,2.540703,1.261361,691.797716,0.151363,-0.304884,0.008533,-37.835979,10.255080,1000
52,0.052,2.553466,1.263035,691.825210,0.151564,-0.306416,0.008695,-37.819271,10.257602,1000
53,0.053,2.566063,1.264650,691.851980,0.151758,-0.307928,0.008857,-37.802608,10.260105,1000
54,0.054,2.578491,1.266206,691.878018,0.151945,-0.309419,0.009019,-37.785991,10.262589,1000
55,0.055,2.590749,1.267702,691.903316,0.152124,-0.310890,0.009181,-37.769420,10.265053,1000
56,0.056,2.602833,1.269138,691.927867,0.152297,-0.312340,0.009342,-37.752896,10.267498,1000
57,0.057,2.614742,1.270512,691.951663,0.152461,-0.313769,0.009503,-37.736420,10.269922,1000
58,0.058,2.626475,1.271824,691.974697,0.152619,-0.315177,0.009664,-37.719992,10.272327,1000
59,0.059,2.638029,1.273072,691.996964,0.152769,-0.316564,0.009824,-37.703613,10.274710,1000
60,0.060,2.649403,1.274258,692.018456,0.152911,-0.317928,0.009985,-37.687284,10.277074,1000
61,0.061,2.660595,1.275378,692.039168,0.153045,-0.319271,0.010144,-37.671004,10.279416,1000
62,0.062,2.671603,1.276434,692.059094,0.153172,-0.320592,0.010304,-37.654775,10.281736,1000
63,0.063,2.682425,1.277424,692.078228,0.153291,-0.321891,0.010463,-37.638597,10.284035,1000
64,0.064,2.693060,1.278347,692.096566,0.153402,-0.323167,0.010622,-37.622471,10.286312,1000
65,0.065,2.703506,1.279203,692.114103,0.153504,-0.324421,0.010780,-37.606397,10.288567,1000
66,0.066,2.713762,1.279990,692.130835,0.153599,-0.325651,0.010939,-37.590376,10.290800,1000
67,0.067,2.723826,1.280709,692.146757,0.153685,-0.326859,0.011096,-37.574408,10.293010,1000
68,0.068,2.733695,1.281359,692.161865,0.153763,-0.328043,0.011254,-37.558495,10.295197,1000
69,0.069,2.743370,1.281938,692.176156,0.153833,-0.329204,0.011411,-37.542636,10.297361,1000
70,0.070,2.752848,1.282447,692.189628,0.153894,-0.330342,0.011568,-37.526833,10.299501,1000
71,0.071,2.762128,1.282884,692.202276,0.153946,-0.331455,0.011724,-37.511085,10.301618,1000
72,0.072,2.771208,1.283249,692.214099,0.153990,-0.332545,0.011880,-37.495394,10.303710,1000
73,0.073,2.780088,1.283541,692.225094,0.154025,-0.333611,0.012035,-37.479759,10.305779,1000
74,0.074,2.788765,1.283760,692.235259,0.154051,-0.334652,0.012191,-37.464182,10.307823,1000
75,0.075,2.797239,1.283905,692.244594,0.154069,-0.335669,0.012345,-37.448663,10.309842,1000
76,0.076,2.805509,1.283975,692.253096,0.154077,-0.336661,0.012500,-37.433203,10.311836,1000
77,0.077,2.813572,1.283970,692.260765,0.154076,-0.337629,0.012654,-37.417801,10.313804,1000
78,0.078,2.821428,1.283890,692.267601,0.154067,-0.338571,0.012807,-37.402460,10.315747,1000
79,0.079,2.829076,1.283732,692.273602,0.154048,-0.339489,0.012961,-37.387178,10.317665,1000
80,0.080,2.836515,1.283498,692.278770,0.154020,-0.340382,0.013113,-37.371958,10.319556,1000
81,0.081,2.843743,1.283186,692.283104,0.153982,-0.341249,0.013266,-37.356799,10.321421,1000
82,0.082,2.850760,1.282795,692.286605,0.153935,-0.342091,0.013418,-37.341701,10.323259,1000
83,0.083,2.857565,1.282326,692.289275,0.153879,-0.342908,0.013569,-37.326666,10.325071,1000
84,0.084,2.864156,1.281778,692.291115,0.153813,-0.343699,0.013720,-37.311694,10.326855,1000
85,0.085,2.870533,1.281150,692.292126,0.153738,-0.344464,0.013871,-37.296786,10.328612,1000
86,0.086,2.876695,1.280441,692.292310,0.153653,-0.345203,0.014021,-37.281941,10.330341,1000
87,0.087,2.882641,1.279652,692.291671,0.153558,-0.345917,0.014171,-37.267161,10.332043,1000
88,0.088,2.888370,1.278781,692.290210,0.153454,-0.346604,0.014320,-37.252446,10.333717,1000
89,0.089,2.893882,1.277828,692.287930,0.153339,-0.347266,0.014469,-37.237796,10.335362,1000
90,0.090,2.899176,1.276793,692.284836,0.153215,-0.347901,0.014618,-37.223213,10.336978,1000
91,0.091,2.904252,1.275674,692.280930,0.153081,-0.348510,0.014765,-37.208696,10.338566,1000
92,0.092,2.909108,1.274473,692.276217,0.152937,-0.349093,0.014913,-37.194246,10.340125,1000
93,0.093,2.913743,1.273187,692.270701,0.152782,-0.349649,0.015060,-37.179864,10.341654,1000
94,0.094,2.918159,1.271817,692.264386,0.152618,-0.350179,0.015206,-37.165550,10.343154,1000
95,0.095,2.922354,1.270363,692.257278,0.152444,-0.350682,0.015352,-37.151305,10.344624,1000
96,0.096,2.926327,1.268823,692.249381,0.152259,-0.351159,0.015498,-37.137128,10.346064,1000
97,0.097,2.930078,1.267198,692.240701,0.152064,-0.351609,0.015643,-37.123022,10.347474,1000
98,0.098,2.933607,1.265486,692.231245,0.151858,-0.352033,0.015787,-37.108985,10.348853,1000
99,0.099,2.936914,1.263688,692.221017,0.151643,-0.352430,0.015931,-37.095019,10.350201,1000
100,0.100,2.939998,1.261804,692.210025,0.151416,-0.352800,0.016075,-37.081124,10.351519,1000
101,0.101,2.942859,1.259832,692.198276,0.151180,-0.353143,0.016218,-37.067301,10.352805,1000
102,0.102,2.945497,1.257772,692.185776,0.150933,-0.353460,0.016360,-37.053549,10.354059,1000
103,0.103,2.947912,1.255625,692.172532,0.150675,-0.353749,0.016502,-37.039870,10.355282,1000
104,0.104,2.950103,1.253389,692.158553,0.150407,-0.354012,0.016644,-37.026264,10.356474,1000
105,0.105,2.952071,1.251065,692.143846,0.150128,-0.354248,0.016784,-37.012732,10.357632,1000
106,0.106,2.953815,1.248651,692.128420,0.149838,-0.354458,0.016925,-36.999273,10.358759,1000
107,0.107,2.955335,1.246149,692.112282,0.149538,-0.354640,0.017065,-36.985889,10.359853,1000
108,0.108,2.956632,1.243556,692.095443,0.149227,-0.354796,0.017204,-36.972579,10.360914,1000
109,0.109,2.957706,1.240874,692.077909,0.148905,-0.354925,0.017343,-36.959345,10.361942,1000
110,0.110,2.958557,1.238102,692.059692,0.148572,-0.355027,0.017481,-36.946187,10.362937,1000
111,0.111,2.959184,1.235239,692.040801,0.148229,-0.355102,0.017618,-36.933104,10.363898,1000
112,0.112,2.959589,1.232285,692.021244,0.147874,-0.355151,0.017755,-36.920099,10.364825,1000
113,0.113,2.959771,1.229241,692.001034,0.147509,-0.355173,0.017892,-36.907170,10.365719,1000
114,0.114,2.959731,1.226105,691.980179,0.147133,-0.355168,0.018028,-36.894319,10.366578,1000
115,0.115,2.959469,1.222878,691.958690,0.146745,-0.355136,0.018163,-36.881546,10.367403,1000
116,0.116,2.958986,1.219559,691.936579,0.146347,-0.355078,0.018298,-36.868851,10.368193,1000
117,0.117,2.958281,1.216148,691.913856,0.145938,-0.354994,0.018432,-36.856235,10.368949,1000
118,0.118,2.957356,1.212645,691.890532,0.145517,-0.354883,0.018565,-36.843698,10.369669,1000
119,0.119,2.956212,1.209049,691.866620,0.145086,-0.354745,0.018698,-36.831240,10.370354,1000
120,0.120,2.954847,1.205361,691.842130,0.144643,-0.354582,0.018831,-36.818863,10.371004,1000
121,0.121,2.953264,1.201581,691.817076,0.144190,-0.354392,0.018963,-36.806566,10.371618,1000
122,0.122,2.951462,1.197708,691.791468,0.143725,-0.354175,0.019094,-36.794350,10.372196,1000
123,0.123,2.949443,1.193741,691.765320,0.143249,-0.353933,0.019224,-36.782215,10.372738,1000
124,0.124,2.947207,1.189682,691.738644,0.142762,-0.353665,0.019354,-36.770162,10.373243,1000
125,0.125,2.944755,1.185530,691.711454,0.142264,-0.353371,0.019483,-36.758191,10.373712,1000
126,0.126,2.942088,1.181284,691.683761,0.141754,-0.353051,0.019612,-36.746302,10.374145,1000
127,0.127,2.939206,1.176944,691.655579,0.141233,-0.352705,0.019740,-36.734496,10.374540,1000
128,0.128,2.936111,1.172512,691.626922,0.140701,-0.352333,0.019868,-36.722773,10.374898,1000
129,0.129,2.932803,1.167985,691.597803,0.140158,-0.351936,0.019994,-36.711134,10.375219,1000
130,0.130,2.929284,1.163366,691.568237,0.139604,-0.351514,0.020121,-36.699579,10.375503,1000
131,0.131,2.925554,1.158652,691.538236,0.139038,-0.351066,0.020246,-36.688108,10.375749,1000
132,0.132,2.921614,1.153845,691.507815,0.138461,-0.350594,0.020371,-36.676721,10.375956,1000
133,0.133,2.917466,1.148943,691.476989,0.137873,-0.350096,0.020495,-36.665420,10.376126,1000
134,0.134,2.913110,1.143949,691.445771,0.137274,-0.349573,0.020619,-36.654204,10.376257,1000
135,0.135,2.908548,1.138860,691.414176,0.136663,-0.349026,0.020742,-36.643074,10.376350,1000
136,0.136,2.903782,1.133677,691.382220,0.136041,-0.348454,0.020864,-36.632030,10.376404,1000
137,0.137,2.898811,1.128401,691.349916,0.135408,-0.347857,0.020985,-36.621072,10.376419,1000
138,0.138,2.893638,1.123031,691.317280,0.134764,-0.347237,0.021106,-36.610202,10.376395,1000
139,0.139,2.888264,1.117567,691.284327,0.134108,-0.346592,0.021227,-36.599418,10.376332,1000
140,0.140,2.882689,1.112010,691.251072,0.133441,-0.345923,0.021346,-36.588722,10.376230,1000
141,0.141,2.876917,1.106359,691.217530,0.132763,-0.345230,0.021465,-36.578113,10.376088,1000
142,0.142,2.870947,1.100615,691.183717,0.132074,-0.344514,0.021583,-36.567593,10.375905,1000
143,0.143,2.864781,1.094777,691.149649,0.131373,-0.343774,0.021701,-36.557161,10.375683,1000
144,0.144,2.858422,1.088845,691.115340,0.130661,-0.343011,0.021817,-36.546818,10.375421,1000
145,0.145,2.851870,1.082821,691.080808,0.129938,-0.342224,0.021933,-36.536564,10.375119,1000
146,0.146,2.845127,1.076703,691.046066,0.129204,-0.341415,0.022049,-36.526399,10.374775,1000
147,0.147,2.838194,1.070493,691.011132,0.128459,-0.340583,0.022164,-36.516324,10.374392,1000
148,0.148,2.831074,1.064189,690.976021,0.127703,-0.339729,0.022278,-36.506339,10.373967,1000
149,0.149,2.823767,1.057793,690.940749,0.126935,-0.338852,0.022391,-36.496444,10.373501,1000
150,0.150,2.816276,1.051304,690.905333,0.126157,-0.337953,0.022503,-36.486639,10.372994,1000
151,0.151,2.808602,1.044723,690.869788,0.125367,-0.337032,0.022615,-36.476926,10.372446,1000
152,0.152,2.800748,1.038050,690.834130,0.124566,-0.336090,0.022726,-36.467303,10.371856,1000
153,0.153,2.792714,1.031285,690.798376,0.123754,-0.335126,0.022837,-36.457772,10.371224,1000
154,0.154,2.784503,1.024428,690.762542,0.122931,-0.334140,0.022946,-36.448333,10.370550,1000
155,0.155,2.776116,1.017480,690.726643,0.122098,-0.333134,0.023055,-36.438986,10.369835,1000
156,0.156,2.767556,1.010440,690.690697,0.121253,-0.332107,0.023163,-36.429730,10.369077,1000
157,0.157,2.758824,1.003309,690.654720,0.120397,-0.331059,0.023271,-36.420568,10.368276,1000
158,0.158,2.749922,0.996087,690.618727,0.119530,-0.329991,0.023378,-36.411498,10.367434,1000
159,0.159,2.740853,0.988775,690.582735,0.118653,-0.328902,0.023483,-36.402520,10.366548,1000
160,0.160,2.731617,0.981373,690.546760,0.117765,-0.327794,0.023589,-36.393637,10.365620,1000
161,0.161,2.722219,0.973880,690.510819,0.116866,-0.326666,0.023693,-36.384846,10.364648,1000
162,0.162,2.712658,0.966298,690.474927,0.115956,-0.325519,0.023797,-36.376149,10.363634,1000
163,0.163,2.702938,0.958627,690.439101,0.115035,-0.324353,0.023900,-36.367546,10.362576,1000
164,0.164,2.693061,0.950867,690.403356,0.114104,-0.323167,0.024002,-36.359038,10.361475,1000
165,0.165,2.683028,0.943017,690.367709,0.113162,-0.321963,0.024103,-36.350623,10.360330,1000
166,0.166,2.672843,0.935080,690.332177,0.112210,-0.320741,0.024204,-36.342303,10.359141,1000
167,0.167,2.662506,0.927054,690.296774,0.111247,-0.319501,0.024304,-36.334078,10.357908,1000
168,0.168,2.652021,0.918941,690.261516,0.110273,-0.318242,0.024403,-36.325948,10.356632,1000
169,0.169,2.641389,0.910741,690.226421,0.109289,-0.316967,0.024501,-36.317913,10.355311,1000
170,0.170,2.630613,0.902454,690.191502,0.108294,-0.315674,0.024599,-36.309974,10.353946,1000
171,0.171,2.619696,0.894080,690.156776,0.107290,-0.314363,0.024695,-36.302130,10.352536,1000
172,0.172,2.608639,0.885620,690.122259,0.106274,-0.313037,0.024791,-36.294382,10.351082,1000
173,0.173,2.597444,0.877075,690.087966,0.105249,-0.311693,0.024886,-36.286730,10.349583,1000
174,0.174,2.586115,0.868444,690.053913,0.104213,-0.310334,0.024981,-36.279174,10.348039,1000
175,0.175,2.574654,0.859729,690.020114,0.103167,-0.308958,0.025074,-36.271714,10.346451,1000
176,0.176,2.563062,0.850929,689.986584,0.102111,-0.307567,0.025167,-36.264351,10.344817,1000
177,0.177,2.551343,0.842045,689.953340,0.101045,-0.306161,0.025259,-36.257085,10.343138,1000
178,0.178,2.539499,0.833078,689.920395,0.099969,-0.304740,0.025350,-36.249915,10.341413,1000
179,0.179,2.527532,0.824028,689.887765,0.098883,-0.303304,0.025440,-36.242842,10.339643,1000
180,0.180,2.515446,0.814896,689.855464,0.097788,-0.301853,0.025530,-36.235867,10.337827,1000
181,0.181,2.503241,0.805682,689.823506,0.096682,-0.300389,0.025619,-36.228988,10.335966,1000
182,0.182,2.490921,0.796386,689.791907,0.095566,-0.298911,0.025706,-36.222208,10.334059,1000
183,0.183,2.478489,0.787010,689.760680,0.094441,-0.297419,0.025793,-36.215524,10.332105,1000
184,0.184,2.465947,0.777553,689.729838,0.093306,-0.295914,0.025880,-36.208939,10.330106,1000
185,0.185,2.453298,0.768017,689.699397,0.092162,-0.294396,0.025965,-36.202451,10.328061,1000
186,0.186,2.440543,0.758401,689.669370,0.091008,-0.292865,0.026050,-36.196061,10.325969,1000
187,0.187,2.427687,0.748707,689.639770,0.089845,-0.291322,0.026133,-36.189769,10.323830,1000
188,0.188,2.414730,0.738934,689.610611,0.088672,-0.289768,0.026216,-36.183576,10.321646,1000
189,0.189,2.401677,0.729084,689.581905,0.087490,-0.288201,0.026298,-36.177480,10.319414,1000
190,0.190,2.388530,0.719157,689.553666,0.086299,-0.286624,0.026379,-36.171484,10.317136,1000
191,0.191,2.375291,0.709154,689.525906,0.085098,-0.285035,0.026460,-36.165585,10.314811,1000
192,0.192,2.361963,0.699075,689.498638,0.083889,-0.283436,0.026539,-36.159785,10.312439,1000
193,0.193,2.348548,0.688921,689.471875,0.082671,-0.281826,0.026618,-36.154084,10.310019,1000
194,0.194,2.335051,0.678693,689.445627,0.081443,-0.280206,0.026696,-36.148482,10.307553,1000
195,0.195,2.321472,0.668391,689.419908,0.080207,-0.278577,0.026773,-36.142978,10.305039,1000
196,0.196,2.307815,0.658016,689.394729,0.078962,-0.276938,0.026849,-36.137574,10.302478,1000
197,0.197,2.294083,0.647568,689.370102,0.077708,-0.275290,0.026924,-36.132268,10.299870,1000
198,0.198,2.280278,0.637048,689.346037,0.076446,-0.273633,0.026999,-36.127061,10.297214,1000
199,0.199,2.266403,0.626457,689.322545,0.075175,-0.271968,0.027072,-36.121954,10.294511,1000
200,0.200,2.252461,0.615796,689.299638,0.073896,-0.270295,0.027145,-36.116945,10.291759,1000
201,0.201,2.238454,0.605065,689.277325,0.072608,-0.268615,0.027217,-36.112036,10.288960,1000
202,0.202,2.224386,0.594265,689.255617,0.071312,-0.266926,0.027288,-36.107226,10.286113,1000
203,0.203,2.210259,0.583397,689.234524,0.070008,-0.265231,0.027358,-36.102516,10.283218,1000
204,0.204,2.196076,0.572461,689.214056,0.068695,-0.263529,0.027427,-36.097905,10.280275,1000
205,0.205,2.181839,0.561459,689.194222,0.067375,-0.261821,0.027495,-36.093393,10.277284,1000
206,0.206,2.167552,0.550390,689.175031,0.066047,-0.260106,0.027562,-36.088980,10.274245,1000
207,0.207,2.153217,0.539256,689.156492,0.064711,-0.258386,0.027629,-36.084667,10.271157,1000
208,0.208,2.138837,0.528057,689.138614,0.063367,-0.256660,0.027695,-36.080454,10.268021,1000
209,0.209,2.124415,0.516794,689.121405,0.062015,-0.254930,0.027759,-36.076340,10.264837,1000
210,0.210,2.109953,0.505468,689.104873,0.060656,-0.253194,0.027823,-36.072325,10.261604,1000
211,0.211,2.095455,0.494080,689.089026,0.059290,-0.251455,0.027886,-36.068410,10.258322,1000
212,0.212,2.080923,0.482631,689.073872,0.057916,-0.249711,0.027948,-36.064594,10.254992,1000
213,0.213,2.066360,0.471120,689.059417,0.056534,-0.247963,0.028010,-36.060878,10.251613,1000
214,0.214,2.051769,0.459550,689.045668,0.055146,-0.246212,0.028070,-36.057261,10.248186,1000
215,0.215,2.037152,0.447921,689.032633,0.053750,-0.244458,0.028129,-36.053743,10.244709,1000
216,0.216,2.022512,0.436233,689.020317,0.052348,-0.242701,0.028188,-36.050325,10.241184,1000
217,0.217,2.007853,0.424488,689.008727,0.050939,-0.240942,0.028246,-36.047007,10.237610,1000
218,0.218,1.993176,0.412686,688.997868,0.049522,-0.239181,0.028302,-36.043787,10.233986,1000
219,0.219,1.978485,0.400829,688.987746,0.048099,-0.237418,0.028358,-36.040667,10.230314,1000
220,0.220,1.963782,0.388916,688.978365,0.046670,-0.235654,0.028413,-36.037647,10.226593,1000
221,0.221,1.949071,0.376950,688.969730,0.045234,-0.233889,0.028467,-36.034725,10.222822,1000
222,0.222,1.934353,0.364930,688.961847,0.043792,-0.232122,0.028520,-36.031903,10.219002,1000
223,0.223,1.919632,0.352858,688.954718,0.042343,-0.230356,0.028572,-36.029179,10.215133,1000
224,0.224,1.904911,0.340735,688.948349,0.040888,-0.228589,0.028623,-36.026555,10.211215,1000
225,0.225,1.890191,0.328561,688.942742,0.039427,-0.226823,0.028674,-36.024030,10.207247,1000
226,0.226,1.875477,0.316337,688.937900,0.037960,-0.225057,0.028723,-36.021603,10.203230,1000
227,0.227,1.860770,0.304065,688.933827,0.036488,-0.223292,0.028772,-36.019276,10.199164,1000
228,0.228,1.846073,0.291744,688.930525,0.035009,-0.221529,0.028819,-36.017047,10.195048,1000
229,0.229,1.831389,0.279377,688.927997,0.033525,-0.219767,0.028866,-36.014917,10.190882,1000
230,0.230,1.816720,0.266963,688.926243,0.032036,-0.218006,0.028912,-36.012885,10.186667,1000
231,0.231,1.802070,0.254505,688.925266,0.030541,-0.216248,0.028957,-36.010952,10.182403,1000
232,0.232,1.787441,0.242002,688.925067,0.029040,-0.214493,0.029000,-36.009118,10.178089,1000
233,0.233,1.772836,0.229456,688.925647,0.027535,-0.212740,0.029043,-36.007381,10.173725,1000
234,0.234,1.758256,0.216867,688.927007,0.026024,-0.210991,0.029085,-36.005743,10.169312,1000
235,0.235,1.743706,0.204238,688.929146,0.024509,-0.209245,0.029127,-36.004203,10.164849,1000
236,0.236,1.729186,0.191567,688.932066,0.022988,-0.207502,0.029167,-36.002761,10.160336,1000
237,0.237,1.714701,0.178858,688.935764,0.021463,-0.205764,0.029206,-36.001416,10.155774,1000
238,0.238,1.700253,0.166109,688.940241,0.019933,-0.204030,0.029244,-36.000169,10.151162,1000
239,0.239,1.685843,0.153323,688.945496,0.018399,-0.202301,0.029282,-35.999020,10.146500,1000
240,0.240,1.671475,0.140501,688.951527,0.016860,-0.200577,0.029318,-35.997968,10.141789,1000
241,0.241,1.657152,0.127643,688.958333,0.015317,-0.198858,0.029354,-35.997014,10.137027,1000
242,0.242,1.642875,0.114750,688.965911,0.013770,-0.197145,0.029388,-35.996156,10.132216,1000
243,0.243,1.628647,0.101824,688.974260,0.012219,-0.195438,0.029422,-35.995396,10.127355,1000
244,0.244,1.614470,0.088865,688.983376,0.010664,-0.193736,0.029454,-35.994732,10.122444,1000
245,0.245,1.600348,0.075874,688.993257,0.009105,-0.192042,0.029486,-35.994165,10.117484,1000
246,0.246,1.586282,0.062852,689.003899,0.007542,-0.190354,0.029517,-35.993695,10.112474,1000
247,0.247,1.572275,0.049801,689.015299,0.005976,-0.188673,0.029547,-35.993321,10.107414,1000
248,0.248,1.558330,0.036721,689.027453,0.004407,-0.187000,0.029576,-35.993043,10.102304,1000
249,0.249,1.544447,0.023614,689.040356,0.002834,-0.185334,0.029604,-35.992861,10.097144,1000
250,0.250,1.530631,0.010480,689.054005,0.001258,-0.183676,0.029631,-35.992774,10.091934,1000
251,0.251,1.516883,-0.002680,689.068393,-0.000322,-0.182026,0.029657,-35.992784,10.086675,1000
252,0.252,1.503206,-0.015864,689.083517,-0.001904,-0.180385,0.029682,-35.992888,10.081366,1000
253,0.253,1.489601,-0.029072,689.099369,-0.003489,-0.178752,0.029706,-35.993088,10.076007,1000
254,0.254,1.476071,-0.042303,689.115946,-0.005076,-0.177129,0.029729,-35.993383,10.070599,1000
255,0.255,1.462618,-0.055555,689.133240,-0.006667,-0.175514,0.029751,-35.993773,10.065140,1000
256,0.256,1.449245,-0.068827,689.151245,-0.008259,-0.173909,0.029773,-35.994257,10.059632,1000
257,0.257,1.435954,-0.082119,689.169954,-0.009854,-0.172314,0.029793,-35.994836,10.054074,1000
258,0.258,1.422746,-0.095430,689.189361,-0.011452,-0.170729,0.029813,-35.995508,10.048467,1000
259,0.259,1.409624,-0.108758,689.209458,-0.013051,-0.169155,0.029831,-35.996275,10.042809,1000
260,0.260,1.396589,-0.122102,689.230238,-0.014652,-0.167591,0.029849,-35.997135,10.037102,1000
261,0.261,1.383645,-0.135461,689.251692,-0.016255,-0.166037,0.029865,-35.998089,10.031346,1000
262,0.262,1.370793,-0.148835,689.273813,-0.017860,-0.164495,0.029881,-35.999136,10.025540,1000
263,0.263,1.358034,-0.162222,689.296592,-0.019467,-0.162964,0.029895,-36.000276,10.019684,1000
264,0.264,1.345372,-0.175621,689.320020,-0.021075,-0.161445,0.029909,-36.001508,10.013779,1000
265,0.265,1.332807,-0.189031,689.344088,-0.022684,-0.159937,0.029922,-36.002833,10.007824,1000
266,0.266,1.320343,-0.202452,689.368788,-0.024294,-0.158441,0.029933,-36.004250,10.001820,1000
267,0.267,1.307979,-0.215881,689.394109,-0.025906,-0.156958,0.029944,-36.005759,9.995766,1000
268,0.268,1.295720,-0.229318,689.420042,-0.027518,-0.155486,0.029954,-36.007360,9.989663,1000
269,0.269,1.283565,-0.242762,689.446577,-0.029131,-0.154028,0.029963,-36.009052,9.983511,1000
270,0.270,1.271518,-0.256212,689.473703,-0.030745,-0.152582,0.029971,-36.010836,9.977309,1000
271,0.271,1.259579,-0.269666,689.501410,-0.032360,-0.151149,0.029978,-36.012710,9.971058,1000
272,0.272,1.247751,-0.283124,689.529687,-0.033975,-0.149730,0.029984,-36.014674,9.964757,1000
273,0.273,1.236035,-0.296585,689.558523,-0.035590,-0.148324,0.029989,-36.016729,9.958408,1000
274,0.274,1.224433,-0.310047,689.587907,-0.037206,-0.146932,0.029993,-36.018874,9.952009,1000
275,0.275,1.212947,-0.323510,689.617827,-0.038821,-0.145554,0.029996,-36.021109,9.945561,1000
276,0.276,1.201577,-0.336972,689.648271,-0.040437,-0.144189,0.029998,-36.023433,9.939065,1000
277,0.277,1.190326,-0.350433,689.679228,-0.042052,-0.142839,0.030000,-36.025846,9.932519,1000
278,0.278,1.179196,-0.363890,689.710686,-0.043667,-0.141503,0.030000,-36.028347,9.925924,1000
279,0.279,1.168186,-0.377344,689.742631,-0.045281,-0.140182,0.029999,-36.030938,9.919280,1000
280,0.280,1.157300,-0.390793,689.775052,-0.046895,-0.138876,0.029998,-36.033616,9.912588,1000
281,0.281,1.146539,-0.404237,689.807935,-0.048508,-0.137585,0.029995,-36.036382,9.905847,1000
282,0.282,1.135903,-0.417673,689.841268,-0.050121,-0.136308,0.029991,-36.039236,9.899057,1000
283,0.283,1.125394,-0.431101,689.875037,-0.051732,-0.135047,0.029987,-36.042176,9.892218,1000
284,0.284,1.115014,-0.444520,689.909229,-0.053342,-0.133802,0.029981,-36.045204,9.885331,1000
285,0.285,1.104764,-0.457929,689.943831,-0.054951,-0.132572,0.029975,-36.048318,9.878396,1000
286,0.286,1.094645,-0.471326,689.978828,-0.056559,-0.131357,0.029968,-36.051518,9.871412,1000
287,0.287,1.084657,-0.484711,690.014207,-0.058165,-0.130159,0.029959,-36.054804,9.864380,1000
288,0.288,1.074803,-0.498083,690.049953,-0.059770,-0.128976,0.029950,-36.058175,9.857299,1000
289,0.289,1.065084,-0.511440,690.086053,-0.061373,-0.127810,0.029940,-36.061632,9.850170,1000
290,0.290,1.055500,-0.524782,690.122491,-0.062974,-0.126660,0.029928,-36.065173,9.842993,1000
291,0.291,1.046052,-0.538107,690.159254,-0.064573,-0.125526,0.029916,-36.068798,9.835769,1000
292,0.292,1.036742,-0.551415,690.196327,-0.066170,-0.124409,0.029903,-36.072508,9.828496,1000
293,0.293,1.027571,-0.564704,690.233695,-0.067764,-0.123308,0.029889,-36.076301,9.821175,1000
294,0.294,1.018538,-0.577973,690.271342,-0.069357,-0.122225,0.029874,-36.080177,9.813806,1000
295,0.295,1.009647,-0.591222,690.309255,-0.070947,-0.121158,0.029858,-36.084136,9.806390,1000
296,0.296,1.000896,-0.604448,690.347417,-0.072534,-0.120108,0.029841,-36.088177,9.798926,1000
297,0.297,0.992287,-0.617652,690.385813,-0.074118,-0.119074,0.029823,-36.092301,9.791415,1000
298,0.298,0.983821,-0.630832,690.424428,-0.075700,-0.118059,0.029804,-36.096506,9.783856,1000
299,0.299,0.975499,-0.643987,690.463247,-0.077278,-0.117060,0.029784,-36.100793,9.776250,1000
300,0.300,0.967320,-0.657116,690.502253,-0.078854,-0.116078,0.029763,-36.105161,9.768597,1000
301,0.301,0.959287,-0.670218,690.541432,-0.080426,-0.115114,0.029742,-36.109609,9.760896,1000
302,0.302,0.951398,-0.683291,690.580766,-0.081995,-0.114168,0.029719,-36.114137,9.753149,1000
303,0.303,0.943656,-0.696336,690.620241,-0.083560,-0.113239,0.029695,-36.118744,9.745354,1000
304,0.304,0.936060,-0.709351,690.659841,-0.085122,-0.112327,0.029671,-36.123431,9.737513,1000
305,0.305,0.928611,-0.722334,690.699549,-0.086680,-0.111433,0.029645,-36.128197,9.729625,1000
306,0.306,0.921310,-0.735285,690.739349,-0.088234,-0.110557,0.029619,-36.133042,9.721691,1000
307,0.307,0.914156,-0.748203,690.779226,-0.089784,-0.109699,0.029591,-36.137964,9.713709,1000
308,0.308,0.907151,-0.761087,690.819163,-0.091330,-0.108858,0.029563,-36.142964,9.705682,1000
309,0.309,0.900294,-0.773936,690.859144,-0.092872,-0.108035,0.029534,-36.148041,9.697608,1000
310,0.310,0.893586,-0.786748,690.899153,-0.094410,-0.107230,0.029503,-36.153194,9.689488,1000
311,0.311,0.887027,-0.799524,690.939174,-0.095943,-0.106443,0.029472,-36.158424,9.681322,1000
312,0.312,0.880617,-0.812261,690.979189,-0.097471,-0.105674,0.029440,-36.163730,9.673110,1000
313,0.313,0.874356,-0.824958,691.019184,-0.098995,-0.104923,0.029407,-36.169111,9.664852,1000
314,0.314,0.868245,-0.837616,691.059142,-0.100514,-0.104189,0.029373,-36.174567,9.656549,1000
315,0.315,0.862284,-0.850233,691.099047,-0.102028,-0.103474,0.029338,-36.180098,9.648200,1000
316,0.316,0.856472,-0.862807,691.138881,-0.103537,-0.102777,0.029302,-36.185703,9.639805,1000
317,0.317,0.850810,-0.875338,691.178630,-0.105041,-0.102097,0.029265,-36.191381,9.631365,1000
318,0.318,0.845298,-0.887825,691.218277,-0.106539,-0.101436,0.029227,-36.197132,9.622880,1000
319,0.319,0.839935,-0.900267,691.257806,-0.108032,-0.100792,0.029189,-36.202956,9.614350,1000
320,0.320,0.834721,-0.912663,691.297200,-0.109520,-0.100167,0.029149,-36.208852,9.605775,1000
321,0.321,0.829657,-0.925012,691.336444,-0.111001,-0.099559,0.029108,-36.214819,9.597155,1000
322,0.322,0.824741,-0.937313,691.375521,-0.112478,-0.098969,0.029067,-36.220858,9.588490,1000
323,0.323,0.819975,-0.949565,691.414416,-0.113948,-0.098397,0.029024,-36.226968,9.579781,1000
324,0.324,0.815357,-0.961768,691.453113,-0.115412,-0.097843,0.028981,-36.233148,9.571028,1000
325,0.325,0.810887,-0.973919,691.491595,-0.116870,-0.097306,0.028937,-36.239397,9.562230,1000
326,0.326,0.806565,-0.986019,691.529847,-0.118322,-0.096788,0.028891,-36.245716,9.553388,1000
327,0.327,0.802390,-0.998066,691.567853,-0.119768,-0.096287,0.028845,-36.252104,9.544502,1000
328,0.328,0.798362,-1.010060,691.605598,-0.121207,-0.095803,0.028798,-36.258560,9.535572,1000
329,0.329,0.794481,-1.022000,691.643066,-0.122640,-0.095338,0.028750,-36.265083,9.526599,1000
330,0.330,0.790746,-1.033884,691.680242,-0.124066,-0.094889,0.028701,-36.271674,9.517582,1000
331,0.331,0.787156,-1.045712,691.717110,-0.125485,-0.094459,0.028652,-36.278332,9.508521,1000
332,0.332,0.783711,-1.057483,691.753656,-0.126898,-0.094045,0.028601,-36.285056,9.499418,1000
333,0.333,0.780410,-1.069195,691.789863,-0.128303,-0.093649,0.028549,-36.291846,9.490271,1000
334,0.334,0.777252,-1.080849,691.825718,-0.129702,-0.093270,0.028497,-36.298701,9.481082,1000
335,0.335,0.774237,-1.092443,691.861205,-0.131093,-0.092908,0.028443,-36.305621,9.471849,1000
336,0.336,0.771364,-1.103977,691.896310,-0.132477,-0.092564,0.028389,-36.312605,9.462574,1000
337,0.337,0.768632,-1.115449,691.931017,-0.133854,-0.092236,0.028333,-36.319652,9.453257,1000
338,0.338,0.766041,-1.126859,691.965314,-0.135223,-0.091925,0.028277,-36.326763,9.443897,1000
339,0.339,0.763589,-1.138206,691.999185,-0.136585,-0.091631,0.028220,-36.333937,9.434495,1000
340,0.340,0.761276,-1.149488,692.032616,-0.137939,-0.091353,0.028162,-36.341172,9.425051,1000
341,0.341,0.759100,-1.160706,692.065594,-0.139285,-0.091092,0.028103,-36.348469,9.415566,1000
342,0.342,0.757061,-1.171858,692.098104,-0.140623,-0.090847,0.028043,-36.355828,9.406038,1000
343,0.343,0.755157,-1.182944,692.130134,-0.141953,-0.090619,0.027983,-36.363246,9.396470,1000
344,0.344,0.753388,-1.193963,692.161669,-0.143276,-0.090407,0.027921,-36.370725,9.386860,1000
345,0.345,0.751753,-1.204913,692.192697,-0.144590,-0.090210,0.027858,-36.378263,9.377208,1000
346,0.346,0.750250,-1.215795,692.223205,-0.145895,-0.090030,0.027795,-36.385860,9.367516,1000
347,0.347,0.748877,-1.226607,692.253179,-0.147193,-0.089865,0.027731,-36.393515,9.357783,1000
348,0.348,0.747635,-1.237349,692.282608,-0.148482,-0.089716,0.027666,-36.401228,9.348010,1000
349,0.349,0.746522,-1.248019,692.311478,-0.149762,-0.089583,0.027600,-36.408998,9.338196,1000
350,0.350,0.745536,-1.258618,692.339778,-0.151034,-0.089464,0.027533,-36.416825,9.328342,1000
351,0.351,0.744676,-1.269144,692.367496,-0.152297,-0.089361,0.027465,-36.424708,9.318447,1000
352,0.352,0.743940,-1.279596,692.394619,-0.153552,-0.089273,0.027396,-36.432647,9.308513,1000
353,0.353,0.743328,-1.289975,692.421138,-0.154797,-0.089199,0.027327,-36.440640,9.298539,1000
354,0.354,0.742839,-1.300279,692.447039,-0.156033,-0.089141,0.027256,-36.448688,9.288526,1000
355,0.355,0.742469,-1.310507,692.472312,-0.157261,-0.089096,0.027185,-36.456790,9.278473,1000
356,0.356,0.742219,-1.320658,692.496947,-0.158479,-0.089066,0.027113,-36.464945,9.268382,1000
357,0.357,0.742086,-1.330733,692.520932,-0.159688,-0.089050,0.027040,-36.473152,9.258251,1000
358,0.358,0.742069,-1.340730,692.544258,-0.160888,-0.089048,0.026966,-36.481412,9.248081,1000
359,0.359,0.742167,-1.350649,692.566915,-0.162078,-0.089060,0.026891,-36.489724,9.237873,1000
360,0.360,0.742378,-1.360489,692.588892,-0.163259,-0.089085,0.026815,-36.498086,9.227627,1000
361,0.361,0.742699,-1.370249,692.610181,-0.164430,-0.089124,0.026739,-36.506499,9.217342,1000
362,0.362,0.743130,-1.379929,692.630771,-0.165591,-0.089176,0.026661,-36.514961,9.207020,1000
363,0.363,0.743669,-1.389528,692.650655,-0.166743,-0.089240,0.026583,-36.523473,9.196659,1000
364,0.364,0.744314,-1.399045,692.669822,-0.167885,-0.089318,0.026504,-36.532033,9.186262,1000
365,0.365,0.745064,-1.408480,692.688266,-0.169018,-0.089408,0.026424,-36.540642,9.175826,1000
366,0.366,0.745916,-1.417833,692.705977,-0.170140,-0.089510,0.026343,-36.549298,9.165354,1000
367,0.367,0.746868,-1.427102,692.722948,-0.171252,-0.089624,0.026262,-36.558001,9.154844,1000
368,0.368,0.747920,-1.436286,692.739171,-0.172354,-0.089750,0.026179,-36.566750,9.144298,1000
369,0.369,0.749068,-1.445387,692.754639,-0.173446,-0.089888,0.026096,-36.575544,9.133716,1000
370,0.370,0.750312,-1.454402,692.769346,-0.174528,-0.090037,0.026012,-36.584384,9.123097,1000
371,0.371,0.751649,-1.463331,692.783283,-0.175600,-0.090198,0.025927,-36.593269,9.112441,1000
372,0.372,0.753077,-1.472174,692.796446,-0.176661,-0.090369,0.025841,-36.602197,9.101750,1000
373,0.373,0.754594,-1.480930,692.808827,-0.177712,-0.090551,0.025755,-36.611168,9.091023,1000
374,0.374,0.756198,-1.489599,692.820422,-0.178752,-0.090744,0.025667,-36.620182,9.080261,1000
375,0.375,0.757888,-1.498180,692.831224,-0.179782,-0.090947,0.025579,-36.629239,9.069464,1000
376,0.376,0.759661,-1.506673,692.841228,-0.180801,-0.091159,0.025490,-36.638336,9.058631,1000
377,0.377,0.761515,-1.515077,692.850430,-0.181809,-0.091382,0.025400,-36.647475,9.047763,1000
378,0.378,0.763448,-1.523391,692.858825,-0.182807,-0.091614,0.025310,-36.656654,9.036861,1000
379,0.379,0.765458,-1.531615,692.866409,-0.183794,-0.091855,0.025218,-36.665872,9.025925,1000
380,0.380,0.767542,-1.539749,692.873177,-0.184770,-0.092105,0.025126,-36.675129,9.014954,1000
381,0.381,0.769699,-1.547792,692.879127,-0.185735,-0.092364,0.025033,-36.684425,9.003950,1000
382,0.382,0.771927,-1.555744,692.884255,-0.186689,-0.092631,0.024939,-36.693759,8.992911,1000
383,0.383,0.774223,-1.563604,692.888558,-0.187633,-0.092907,0.024844,-36.703130,8.981839,1000
384,0.384,0.776584,-1.571372,692.892033,-0.188565,-0.093190,0.024749,-36.712537,8.970734,1000
385,0.385,0.779009,-1.579048,692.894678,-0.189486,-0.093481,0.024652,-36.721980,8.959596,1000
386,0.386,0.781496,-1.586630,692.896492,-0.190396,-0.093780,0.024555,-36.731459,8.948425,1000
387,0.387,0.784042,-1.594120,692.897472,-0.191294,-0.094085,0.024457,-36.740972,8.937221,1000
388,0.388,0.786645,-1.601515,692.897617,-0.192182,-0.094397,0.024359,-36.750519,8.925985,1000
389,0.389,0.789302,-1.608816,692.896926,-0.193058,-0.094716,0.024259,-36.760100,8.914717,1000
390,0.390,0.792011,-1.616023,692.895398,-0.193923,-0.095041,0.024159,-36.769713,8.903417,1000
391,0.391,0.794771,-1.623135,692.893034,-0.194776,-0.095372,0.024058,-36.779359,8.892086,1000
392,0.392,0.797577,-1.630152,692.889832,-0.195618,-0.095709,0.023957,-36.789036,8.880723,1000
393,0.393,0.800429,-1.637073,692.885794,-0.196449,-0.096051,0.023854,-36.798745,8.869328,1000
394,0.394,0.803323,-1.643898,692.880920,-0.197268,-0.096399,0.023751,-36.808483,8.857903,1000
395,0.395,0.806258,-1.650628,692.875211,-0.198075,-0.096751,0.023647,-36.818251,8.846447,1000
396,0.396,0.809230,-1.657260,692.868668,-0.198871,-0.097108,0.023542,-36.828048,8.834961,1000
397,0.397,0.812238,-1.663796,692.861293,-0.199656,-0.097469,0.023436,-36.837874,8.823444,1000
398,0.398,0.815279,-1.670235,692.853087,-0.200428,-0.097833,0.023330,-36.847727,8.811898,1000
399,0.399,0.818350,-1.676577,692.844054,-0.201189,-0.098202,0.023223,-36.857608,8.800322,1000
400,0.400,0.821449,-1.682821,692.834195,-0.201939,-0.098574,0.023115,-36.867515,8.788716,1000
401,0.401,0.824574,-1.688968,692.823513,-0.202676,-0.098949,0.023007,-36.877448,8.777081,1000
402,0.402,0.827722,-1.695016,692.812013,-0.203402,-0.099327,0.022898,-36.887406,8.765417,1000
403,0.403,0.830890,-1.700966,692.799696,-0.204116,-0.099707,0.022788,-36.897389,8.753724,1000
404,0.404,0.834076,-1.706818,692.786567,-0.204818,-0.100089,0.022677,-36.907395,8.742003,1000
405,0.405,0.837278,-1.712571,692.772631,-0.205509,-0.100473,0.022566,-36.917425,8.730254,1000
406,0.406,0.840492,-1.718226,692.757891,-0.206187,-0.100859,0.022453,-36.927478,8.718477,1000
407,0.407,0.843717,-1.723781,692.742353,-0.206854,-0.101246,0.022341,-36.937553,8.706671,1000
408,0.408,0.846950,-1.729237,692.726022,-0.207508,-0.101634,0.022227,-36.947649,8.694839,1000
409,0.409,0.850188,-1.734594,692.708902,-0.208151,-0.102023,0.022113,-36.957766,8.682979,1000
410,0.410,0.853429,-1.739852,692.691001,-0.208782,-0.102411,0.021998,-36.967903,8.671092,1000
411,0.411,0.856670,-1.745010,692.672323,-0.209401,-0.102800,0.021882,-36.978059,8.659179,1000
412,0.412,0.859909,-1.750068,692.652875,-0.210008,-0.103189,0.021766,-36.988234,8.647239,1000
413,0.413,0.863143,-1.755026,692.632665,-0.210603,-0.103577,0.021648,-36.998428,8.635273,1000
414,0.414,0.866369,-1.759885,692.611698,-0.211186,-0.103964,0.021531,-37.008639,8.623281,1000
415,0.415,0.869585,-1.764643,692.589981,-0.211757,-0.104350,0.021412,-37.018867,8.611263,1000
416,0.416,0.872789,-1.769302,692.567524,-0.212316,-0.104735,0.021293,-37.029111,8.599220,1000
417,0.417,0.875977,-1.773861,692.544333,-0.212863,-0.105117,0.021173,-37.039371,8.587152,1000
418,0.418,0.879148,-1.778319,692.520416,-0.213398,-0.105498,0.021053,-37.049646,8.575059,1000
419,0.419,0.882298,-1.782677,692.495782,-0.213921,-0.105876,0.020931,-37.059936,8.562942,1000
420,0.420,0.885425,-1.786935,692.470439,-0.214432,-0.106251,0.020810,-37.070239,8.550800,1000
421,0.421,0.888527,-1.791093,692.444397,-0.214931,-0.106623,0.020687,-37.080555,8.538634,1000
422,0.422,0.891601,-1.795150,692.417664,-0.215418,-0.106992,0.020564,-37.090884,8.526444,1000
423,0.423,0.894644,-1.799108,692.390251,-0.215893,-0.107357,0.020440,-37.101224,8.514231,1000
424,0.424,0.897654,-1.802965,692.362166,-0.216356,-0.107718,0.020316,-37.111576,8.501994,1000
425,0.425,0.900628,-1.806722,692.333420,-0.216807,-0.108075,0.020190,-37.121938,8.489734,1000
426,0.426,0.903564,-1.810379,692.304023,-0.217246,-0.108428,0.020065,-37.132310,8.477452,1000
427,0.427,0.906459,-1.813936,692.273986,-0.217672,-0.108775,0.019938,-37.142691,8.465147,1000
428,0.428,0.909311,-1.817393,692.243319,-0.218087,-0.109117,0.019811,-37.153081,8.452820,1000
429,0.429,0.912117,-1.820750,692.212033,-0.218490,-0.109454,0.019683,-37.163478,8.440472,1000
430,0.430,0.914874,-1.824008,692.180139,-0.218881,-0.109785,0.019555,-37.173883,8.428101,1000
431,0.431,0.917581,-1.827165,692.147650,-0.219260,-0.110110,0.019426,-37.184295,8.415709,1000
432,0.432,0.920234,-1.830223,692.114576,-0.219627,-0.110428,0.019296,-37.194713,8.403297,1000
433,0.433,0.922831,-1.833182,692.080930,-0.219982,-0.110740,0.019166,-37.205136,8.390863,1000
434,0.434,0.925370,-1.836041,692.046724,-0.220325,-0.111044,0.019035,-37.215564,8.378409,1000
435,0.435,0.927848,-1.838801,692.011970,-0.220656,-0.111342,0.018904,-37.225996,8.365934,1000
436,0.436,0.930262,-1.841462,691.976680,-0.220975,-0.111631,0.018772,-37.236432,8.353440,1000
437,0.437,0.932611,-1.844025,691.940868,-0.221283,-0.111913,0.018639,-37.246870,8.340926,1000
438,0.438,0.934891,-1.846488,691.904546,-0.221579,-0.112187,0.018506,-37.257311,8.328393,1000
439,0.439,0.937100,-1.848853,691.867728,-0.221862,-0.112452,0.018372,-37.267753,8.315840,1000
440,0.440,0.939237,-1.851120,691.830427,-0.222134,-0.112708,0.018238,-37.278196,8.303269,1000
441,0.441,0.941298,-1.853289,691.792657,-0.222395,-0.112956,0.018103,-37.288640,8.290679,1000
442,0.442,0.943281,-1.855360,691.754430,-0.222643,-0.113194,0.017967,-37.299083,8.278071,1000
443,0.443,0.945184,-1.857334,691.715762,-0.222880,-0.113422,0.017831,-37.309526,8.265445,1000
444,0.444,0.947004,-1.859210,691.676666,-0.223105,-0.113640,0.017695,-37.319967,8.252801,1000
445,0.445,0.948739,-1.860989,691.637156,-0.223319,-0.113849,0.017557,-37.330405,8.240140,1000
446,0.446,0.950386,-1.862671,691.597247,-0.223521,-0.114046,0.017419,-37.340841,8.227462,1000
447,0.447,0.951945,-1.864257,691.556954,-0.223711,-0.114233,0.017281,-37.351273,8.214766,1000
448,0.448,0.953411,-1.865747,691.516290,-0.223890,-0.114409,0.017142,-37.361702,8.202055,1000
449,0.449,0.954783,-1.867140,691.475271,-0.224057,-0.114574,0.017003,-37.372125,8.189327,1000
450,0.450,0.956058,-1.868438,691.433912,-0.224213,-0.114727,0.016863,-37.382543,8.176583,1000
451,0.451,0.957235,-1.869641,691.392228,-0.224357,-0.114868,0.016722,-37.392956,8.163823,1000
452,0.452,0.958311,-1.870749,691.350234,-0.224490,-0.114997,0.016581,-37.403362,8.151048,1000
453,0.453,0.959284,-1.871763,691.307945,-0.224612,-0.115114,0.016439,-37.413760,8.138258,1000
454,0.454,0.960152,-1.872682,691.265377,-0.224722,-0.115218,0.016297,-37.424151,8.125454,1000
455,0.455,0.960912,-1.873507,691.222545,-0.224821,-0.115309,0.016154,-37.434533,8.112634,1000
456,0.456,0.961563,-1.874239,691.179465,-0.224909,-0.115388,0.016011,-37.444907,8.099801,1000
457,0.457,0.962102,-1.874877,691.136152,-0.224985,-0.115452,0.015867,-37.455270,8.086953,1000
458,0.458,0.962527,-1.875423,691.092623,-0.225051,-0.115503,0.015723,-37.465624,8.074092,1000
459,0.459,0.962837,-1.875877,691.048893,-0.225105,-0.115540,0.015578,-37.475966,8.061218,1000
460,0.460,0.963029,-1.876239,691.004979,-0.225149,-0.115563,0.015433,-37.486298,8.048331,1000
461,0.461,0.963101,-1.876509,690.960895,-0.225181,-0.115572,0.015287,-37.496617,8.035430,1000
462,0.462,0.963051,-1.876689,690.916659,-0.225203,-0.115566,0.015141,-37.506923,8.022518,1000
463,0.463,0.962877,-1.876778,690.872285,-0.225213,-0.115545,0.014995,-37.517216,8.009593,1000
464,0.464,0.962578,-1.876777,690.827792,-0.225213,-0.115509,0.014847,-37.527495,7.996656,1000
465,0.465,0.962151,-1.876686,690.783194,-0.225202,-0.115458,0.014700,-37.537760,7.983708,1000
466,0.466,0.961595,-1.876506,690.738508,-0.225181,-0.115391,0.014552,-37.548009,7.970749,1000
467,0.467,0.960907,-1.876238,690.693750,-0.225149,-0.115309,0.014403,-37.558243,7.957778,1000
468,0.468,0.960087,-1.875881,690.648936,-0.225106,-0.115210,0.014254,-37.568460,7.944797,1000
469,0.469,0.959131,-1.875437,690.604083,-0.225052,-0.115096,0.014104,-37.578661,7.931806,1000
470,0.470,0.958039,-1.874906,690.559207,-0.224989,-0.114965,0.013955,-37.588844,7.918804,1000
471,0.471,0.956808,-1.874288,690.514324,-0.224915,-0.114817,0.013804,-37.599009,7.905793,1000
472,0.472,0.955437,-1.873585,690.469450,-0.224830,-0.114652,0.013653,-37.609155,7.892772,1000
473,0.473,0.953924,-1.872795,690.424603,-0.224735,-0.114471,0.013502,-37.619282,7.879743,1000
474,0.474,0.952268,-1.871921,690.379797,-0.224631,-0.114272,0.013350,-37.629389,7.866704,1000
475,0.475,0.950467,-1.870963,690.335049,-0.224516,-0.114056,0.013198,-37.639476,7.853657,1000
476,0.476,0.948519,-1.869920,690.290376,-0.224390,-0.113822,0.013046,-37.649542,7.840601,1000
477,0.477,0.946423,-1.868795,690.245793,-0.224255,-0.113571,0.012893,-37.659586,7.827537,1000
478,0.478,0.944178,-1.867587,690.201316,-0.224110,-0.113301,0.012739,-37.669608,7.814466,1000
479,0.479,0.941781,-1.866297,690.156963,-0.223956,-0.113014,0.012585,-37.679607,7.801388,1000
480,0.480,0.939232,-1.864926,690.112747,-0.223791,-0.112708,0.012431,-37.689582,7.788302,1000
481,0.481,0.936528,-1.863474,690.068686,-0.223617,-0.112383,0.012277,-37.699534,7.775210,1000
482,0.482,0.933669,-1.861942,690.024796,-0.223433,-0.112040,0.012122,-37.709462,7.762111,1000
483,0.483,0.930653,-1.860330,689.981091,-0.223240,-0.111678,0.011966,-37.719364,7.749006,1000
484,0.484,0.927480,-1.858640,689.937588,-0.223037,-0.111298,0.011811,-37.729241,7.735895,1000
485,0.485,0.924147,-1.856871,689.894303,-0.222825,-0.110898,0.011654,-37.739092,7.722779,1000
486,0.486,0.920653,-1.855025,689.851250,-0.222603,-0.110478,0.011498,-37.748915,7.709657,1000
487,0.487,0.916997,-1.853103,689.808445,-0.222372,-0.110040,0.011341,-37.758712,7.696531,1000
488,0.488,0.913179,-1.851104,689.765903,-0.222132,-0.109581,0.011184,-37.768481,7.683400,1000
489,0.489,0.909196,-1.849029,689.723640,-0.221884,-0.109104,0.011026,-37.778221,7.670264,1000
490,0.490,0.905048,-1.846880,689.681670,-0.221626,-0.108606,0.010868,-37.787933,7.657125,1000
491,0.491,0.900734,-1.844657,689.640009,-0.221359,-0.108088,0.010710,-37.797614,7.643982,1000
492,0.492,0.896253,-1.842361,689.598671,-0.221083,-0.107550,0.010551,-37.807266,7.630835,1000
493,0.493,0.891603,-1.839992,689.557670,-0.220799,-0.106992,0.010392,-37.816888,7.617685,1000
494,0.494,0.886784,-1.837551,689.517022,-0.220506,-0.106414,0.010233,-37.826478,7.604533,1000
495,0.495,0.881795,-1.835039,689.476740,-0.220205,-0.105815,0.010073,-37.836036,7.591378,1000
496,0.496,0.876635,-1.832456,689.436839,-0.219895,-0.105196,0.009913,-37.845562,7.578220,1000
497,0.497,0.871303,-1.829804,689.397333,-0.219577,-0.104556,0.009753,-37.855056,7.565061,1000
498,0.498,0.865798,-1.827083,689.358235,-0.219250,-0.103896,0.009593,-37.864516,7.551901,1000
499,0.499,0.860120,-1.824294,689.319559,-0.218915,-0.103214,0.009432,-37.873943,7.538739,1000
500,0.500,0.854268,-1.821438,689.281319,-0.218573,-0.102512,0.009271,-37.883335,7.525576,1000
501,0.501,0.848241,-1.818515,689.243527,-0.218222,-0.101789,0.009109,-37.892692,7.512412,1000
502,0.502,0.842039,-1.815527,689.206197,-0.217863,-0.101045,0.008947,-37.902014,7.499248,1000
503,0.503,0.835660,-1.812473,689.169343,-0.217497,-0.100279,0.008785,-37.911300,7.486084,1000
504,0.504,0.829105,-1.809355,689.132975,-0.217123,-0.099493,0.008623,-37.920550,7.472920,1000
505,0.505,0.822373,-1.806174,689.097108,-0.216741,-0.098685,0.008460,-37.929763,7.459757,1000
506,0.506,0.815463,-1.802931,689.061753,-0.216352,-0.097856,0.008297,-37.938938,7.446594,1000
507,0.507,0.808375,-1.799625,689.026922,-0.215955,-0.097005,0.008134,-37.948076,7.433433,1000
508,0.508,0.801109,-1.796259,688.992627,-0.215551,-0.096133,0.007971,-37.957175,7.420273,1000
509,0.509,0.793663,-1.792833,688.958880,-0.215140,-0.095240,0.007807,-37.966235,7.407115,1000
510,0.510,0.786039,-1.789347,688.925692,-0.214722,-0.094325,0.007643,-37.975256,7.393959,1000
511,0.511,0.778235,-1.785803,688.893074,-0.214296,-0.093388,0.007479,-37.984237,7.380806,1000
512,0.512,0.770252,-1.782202,688.861037,-0.213864,-0.092430,0.007315,-37.993177,7.367655,1000
513,0.513,0.762088,-1.778544,688.829591,-0.213425,-0.091451,0.007150,-38.002077,7.354507,1000
514,0.514,0.753745,-1.774830,688.798748,-0.212980,-0.090449,0.006985,-38.010935,7.341362,1000
515,0.515,0.745221,-1.771061,688.768517,-0.212527,-0.089427,0.006820,-38.019751,7.328221,1000
516,0.516,0.736517,-1.767238,688.738908,-0.212069,-0.088382,0.006655,-38.028525,7.315084,1000
517,0.517,0.727633,-1.763362,688.709931,-0.211603,-0.087316,0.006489,-38.037257,7.301951,1000
518,0.518,0.718569,-1.759434,688.681595,-0.211132,-0.086228,0.006323,-38.045945,7.288822,1000
519,0.519,0.709325,-1.755454,688.653909,-0.210655,-0.085119,0.006157,-38.054589,7.275699,1000
520,0.520,0.699900,-1.751424,688.626882,-0.210171,-0.083988,0.005991,-38.063189,7.262580,1000
521,0.521,0.690296,-1.747344,688.600522,-0.209681,-0.082836,0.005825,-38.071745,7.249467,1000
522,0.522,0.680512,-1.743215,688.574838,-0.209186,-0.081661,0.005658,-38.080255,7.236359,1000
523,0.523,0.670548,-1.739039,688.549838,-0.208685,-0.080466,0.005492,-38.088720,7.223258,1000
524,0.524,0.660405,-1.734816,688.525529,-0.208178,-0.079249,0.005325,-38.097139,7.210163,1000
525,0.525,0.650083,-1.730546,688.501919,-0.207666,-0.078010,0.005158,-38.105511,7.197074,1000
526,0.526,0.639582,-1.726232,688.479015,-0.207148,-0.076750,0.004991,-38.113836,7.183993,1000
527,0.527,0.628903,-1.721873,688.456823,-0.206625,-0.075468,0.004823,-38.122115,7.170918,1000
528,0.528,0.618045,-1.717471,688.435350,-0.206097,-0.074165,0.004656,-38.130345,7.157852,1000
529,0.529,0.607011,-1.713027,688.414603,-0.205563,-0.072841,0.004488,-38.138527,7.144793,1000
530,0.530,0.595800,-1.708542,688.394588,-0.205025,-0.071496,0.004320,-38.146661,7.131742,1000
531,0.531,0.584412,-1.704016,688.375309,-0.204482,-0.070129,0.004152,-38.154745,7.118699,1000
532,0.532,0.572848,-1.699451,688.356772,-0.203934,-0.068742,0.003984,-38.162780,7.105665,1000
533,0.533,0.561110,-1.694847,688.338982,-0.203382,-0.067333,0.003816,-38.170765,7.092641,1000
534,0.534,0.549196,-1.690206,688.321944,-0.202825,-0.065904,0.003648,-38.178700,7.079625,1000
535,0.535,0.537109,-1.685528,688.305663,-0.202263,-0.064453,0.003479,-38.186584,7.066619,1000
536,0.536,0.524849,-1.680814,688.290141,-0.201698,-0.062982,0.003311,-38.194417,7.053624,1000
537,0.537,0.512417,-1.676065,688.275383,-0.201128,-0.061490,0.003142,-38.202198,7.040638,1000
538,0.538,0.499813,-1.671283,688.261393,-0.200554,-0.059978,0.002973,-38.209927,7.027663,1000
539,0.539,0.487039,-1.666468,688.248173,-0.199976,-0.058445,0.002804,-38.217605,7.014698,1000
540,0.540,0.474095,-1.661621,688.235726,-0.199395,-0.056891,0.002636,-38.225229,7.001745,1000
541,0.541,0.460982,-1.656744,688.224055,-0.198809,-0.055318,0.002467,-38.232800,6.988803,1000
542,0.542,0.447702,-1.651836,688.213161,-0.198220,-0.053724,0.002297,-38.240318,6.975873,1000
543,0.543,0.434255,-1.646900,688.203047,-0.197628,-0.052111,0.002128,-38.247782,6.962955,1000
544,0.544,0.420642,-1.641935,688.193713,-0.197032,-0.050477,0.001959,-38.255191,6.950049,1000
545,0.545,0.406865,-1.636944,688.185162,-0.196433,-0.048824,0.001790,-38.262546,6.937156,1000
546,0.546,0.392924,-1.631927,688.177393,-0.195831,-0.047151,0.001620,-38.269846,6.924275,1000
547,0.547,0.378822,-1.626884,688.170408,-0.195226,-0.045459,0.001451,-38.277091,6.911408,1000
548,0.548,0.364558,-1.621818,688.164207,-0.194618,-0.043747,0.001281,-38.284280,6.898554,1000
549,0.549,0.350134,-1.616728,688.158788,-0.194007,-0.042016,0.001112,-38.291413,6.885714,1000
550,0.550,0.335553,-1.611617,688.154153,-0.193394,-0.040266,0.000942,-38.298489,6.872888,1000
551,0.551,0.320814,-1.606484,688.150299,-0.192778,-0.038498,0.000773,-38.305509,6.860076,1000
552,0.552,0.305919,-1.601331,688.147226,-0.192160,-0.036710,0.000603,-38.312472,6.847279,1000
553,0.553,0.290870,-1.596159,688.144933,-0.191539,-0.034904,0.000434,-38.319377,6.834497,1000
554,0.554,0.275668,-1.590969,688.143417,-0.190916,-0.033080,0.000264,-38.326224,6.821730,1000
555,0.555,0.260315,-1.585762,688.142677,-0.190291,-0.031238,0.000094,-38.333013,6.808978,1000
556,0.556,0.244812,-1.580539,688.142710,-0.189665,-0.029377,-0.000075,-38.339744,6.796243,1000
557,0.557,0.229160,-1.575300,688.143512,-0.189036,-0.027499,-0.000245,-38.346416,6.783523,1000
558,0.558,0.213362,-1.570047,688.145082,-0.188406,-0.025603,-0.000415,-38.353029,6.770820,1000
559,0.559,0.197419,-1.564781,688.147416,-0.187774,-0.023690,-0.000584,-38.359582,6.758133,1000
560,0.560,0.181332,-1.559503,688.150510,-0.187140,-0.021760,-0.000754,-38.366076,6.745463,1000
561,0.561,0.165103,-1.554214,688.154359,-0.186506,-0.019812,-0.000923,-38.372510,6.732810,1000
562,0.562,0.148735,-1.548914,688.158960,-0.185870,-0.017848,-0.001093,-38.378883,6.720175,1000
563,0.563,0.132228,-1.543605,688.164308,-0.185233,-0.015867,-0.001263,-38.385196,6.707558,1000
564,0.564,0.115585,-1.538288,688.170398,-0.184595,-0.013870,-0.001432,-38.391447,6.694959,1000
565,0.565,0.098807,-1.532963,688.177225,-0.183956,-0.011857,-0.001601,-38.397638,6.682378,1000
566,0.566,0.081897,-1.527632,688.184782,-0.183316,-0.009828,-0.001771,-38.403767,6.669815,1000
567,0.567,0.064855,-1.522296,688.193065,-0.182676,-0.007783,-0.001940,-38.409834,6.657272,1000
568,0.568,0.047685,-1.516956,688.202066,-0.182035,-0.005722,-0.002109,-38.415840,6.644748,1000
569,0.569,0.030387,-1.511612,688.211780,-0.181393,-0.003646,-0.002279,-38.421783,6.632243,1000
570,0.570,0.012965,-1.506265,688.222200,-0.180752,-0.001556,-0.002448,-38.427663,6.619758,1000
571,0.571,-0.004581,-1.500918,688.233317,-0.180110,0.000550,-0.002617,-38.433480,6.607292,1000
572,0.572,-0.022247,-1.495569,688.245126,-0.179468,0.002670,-0.002786,-38.439235,6.594848,1000
573,0.573,-0.040033,-1.490222,688.257618,-0.178827,0.004804,-0.002955,-38.444926,6.582423,1000
574,0.574,-0.057935,-1.484875,688.270786,-0.178185,0.006952,-0.003123,-38.450553,6.570020,1000
575,0.575,-0.075952,-1.479532,688.284621,-0.177544,0.009114,-0.003292,-38.456116,6.557637,1000
576,0.576,-0.094081,-1.474191,688.299114,-0.176903,0.011290,-0.003461,-38.461616,6.545276,1000
577,0.577,-0.112320,-1.468855,688.314257,-0.176263,0.013478,-0.003629,-38.467051,6.532937,1000
578,0.578,-0.130668,-1.463525,688.330041,-0.175623,0.015680,-0.003797,-38.472421,6.520620,1000
579,0.579,-0.149121,-1.458200,688.346456,-0.174984,0.017895,-0.003966,-38.477727,6.508325,1000
580,0.580,-0.167678,-1.452883,688.363492,-0.174346,0.020121,-0.004134,-38.482967,6.496052,1000
581,0.581,-0.186336,-1.447574,688.381141,-0.173709,0.022360,-0.004302,-38.488142,6.483802,1000
582,0.582,-0.205093,-1.442275,688.399391,-0.173073,0.024611,-0.004469,-38.493252,6.471575,1000
583,0.583,-0.223947,-1.436985,688.418233,-0.172438,0.026874,-0.004637,-38.498296,6.459371,1000
584,0.584,-0.242894,-1.431707,688.437655,-0.171805,0.029147,-0.004805,-38.503274,6.447191,1000
585,0.585,-0.261934,-1.426440,688.457647,-0.171173,0.031432,-0.004972,-38.508187,6.435034,1000
586,0.586,-0.281063,-1.421187,688.478198,-0.170542,0.033728,-0.005139,-38.513032,6.422902,1000
587,0.587,-0.300278,-1.415947,688.499296,-0.169914,0.036033,-0.005306,-38.517812,6.410794,1000
588,0.588,-0.319579,-1.410722,688.520930,-0.169287,0.038349,-0.005473,-38.522525,6.398710,1000
589,0.589,-0.338961,-1.405513,688.543087,-0.168662,0.040675,-0.005640,-38.527170,6.386652,1000
590,0.590,-0.358422,-1.400320,688.565757,-0.168038,0.043011,-0.005806,-38.531749,6.374618,1000
591,0.591,-0.377961,-1.395145,688.588926,-0.167417,0.045355,-0.005973,-38.536261,6.362610,1000
592,0.592,-0.397573,-1.389989,688.612583,-0.166799,0.047709,-0.006139,-38.540705,6.350627,1000
593,0.593,-0.417258,-1.384852,688.636714,-0.166182,0.050071,-0.006305,-38.545082,6.338671,1000
594,0.594,-0.437011,-1.379735,688.661306,-0.165568,0.052441,-0.006471,-38.549391,6.326740,1000
595,0.595,-0.456832,-1.374639,688.686347,-0.164957,0.054820,-0.006636,-38.553632,6.314836,1000
596,0.596,-0.476716,-1.369565,688.711824,-0.164348,0.057206,-0.006802,-38.557806,6.302958,1000
597,0.597,-0.496661,-1.364515,688.737722,-0.163742,0.059599,-0.006967,-38.561911,6.291108,1000
598,0.598,-0.516665,-1.359488,688.764029,-0.163139,0.062000,-0.007132,-38.565948,6.279284,1000
599,0.599,-0.536725,-1.354486,688.790730,-0.162538,0.064407,-0.007296,-38.569916,6.267488,1000
600,0.600,-0.556838,-1.349510,688.817811,-0.161941,0.066821,-0.007461,-38.573816,6.255720,1000
601,0.601,-0.577002,-1.344560,688.845259,-0.161347,0.069240,-0.007625,-38.577647,6.243979,1000
602,0.602,-0.597213,-1.339637,688.873059,-0.160756,0.071666,-0.007789,-38.581410,6.232267,1000
603,0.603,-0.617470,-1.334743,688.901197,-0.160169,0.074096,-0.007953,-38.585103,6.220583,1000
604,0.604,-0.637768,-1.329877,688.929657,-0.159585,0.076532,-0.008116,-38.588728,6.208927,1000
605,0.605,-0.658106,-1.325042,688.958427,-0.159005,0.078973,-0.008279,-38.592283,6.197301,1000
606,0.606,-0.678481,-1.320238,688.987489,-0.158429,0.081418,-0.008442,-38.595769,6.185703,1000
607,0.607,-0.698890,-1.315464,689.016830,-0.157856,0.083867,-0.008605,-38.599186,6.174135,1000
608,0.608,-0.719330,-1.310724,689.046435,-0.157287,0.086320,-0.008767,-38.602533,6.162597,1000
609,0.609,-0.739798,-1.306017,689.076287,-0.156722,0.088776,-0.008929,-38.605811,6.151088,1000
610,0.610,-0.760292,-1.301343,689.106373,-0.156161,0.091235,-0.009091,-38.609020,6.139610,1000
611,0.611,-0.780808,-1.296705,689.136676,-0.155605,0.093697,-0.009253,-38.612158,6.128162,1000
612,0.612,-0.801344,-1.292102,689.167181,-0.155052,0.096161,-0.009414,-38.615227,6.116744,1000
613,0.613,-0.821897,-1.287536,689.197872,-0.154504,0.098628,-0.009575,-38.618226,6.105357,1000
614,0.614,-0.842464,-1.283007,689.228733,-0.153961,0.101096,-0.009735,-38.621155,6.094002,1000
615,0.615,-0.863042,-1.278516,689.259750,-0.153422,0.103565,-0.009896,-38.624015,6.082677,1000
616,0.616,-0.883629,-1.274064,689.290905,-0.152888,0.106035,-0.010056,-38.626804,6.071384,1000
617,0.617,-0.904220,-1.269652,689.322184,-0.152358,0.108506,-0.010215,-38.629523,6.060123,1000
618,0.618,-0.924815,-1.265280,689.353569,-0.151834,0.110978,-0.010375,-38.632172,6.048893,1000
619,0.619,-0.945409,-1.260949,689.385045,-0.151314,0.113449,-0.010534,-38.634752,6.037696,1000
620,0.620,-0.966000,-1.256660,689.416597,-0.150799,0.115920,-0.010692,-38.637260,6.026531,1000
621,0.621,-0.986584,-1.252413,689.448207,-0.150290,0.118390,-0.010851,-38.639699,6.015399,1000
622,0.622,-1.007160,-1.248210,689.479860,-0.149785,0.120859,-0.011009,-38.642068,6.004300,1000
623,0.623,-1.027724,-1.244051,689.511539,-0.149286,0.123327,-0.011166,-38.644366,5.993233,1000
624,0.624,-1.048273,-1.239937,689.543229,-0.148792,0.125793,-0.011324,-38.646594,5.982200,1000
625,0.625,-1.068804,-1.235868,689.574912,-0.148304,0.128256,-0.011481,-38.648752,5.971201,1000
626,0.626,-1.089314,-1.231846,689.606574,-0.147822,0.130718,-0.011637,-38.650839,5.960235,1000
627,0.627,-1.109801,-1.227871,689.638197,-0.147344,0.133176,-0.011793,-38.652856,5.949303,1000
628,0.628,-1.130261,-1.223943,689.669766,-0.146873,0.135631,-0.011949,-38.654803,5.938406,1000
629,0.629,-1.150692,-1.220063,689.701264,-0.146408,0.138083,-0.012104,-38.656680,5.927542,1000
630,0.630,-1.171091,-1.216233,689.732675,-0.145948,0.140531,-0.012259,-38.658486,5.916714,1000
631,0.631,-1.191454,-1.212452,689.763983,-0.145494,0.142975,-0.012414,-38.660222,5.905920,1000
632,0.632,-1.211780,-1.208721,689.795172,-0.145047,0.145414,-0.012568,-38.661888,5.895161,1000
633,0.633,-1.232064,-1.205041,689.826225,-0.144605,0.147848,-0.012722,-38.663484,5.884437,1000
634,0.634,-1.252304,-1.201413,689.857128,-0.144170,0.150277,-0.012876,-38.665010,5.873749,1000
635,0.635,-1.272498,-1.197837,689.887863,-0.143740,0.152700,-0.013029,-38.666465,5.863097,1000
636,0.636,-1.292642,-1.194314,689.918415,-0.143318,0.155117,-0.013181,-38.667851,5.852480,1000
637,0.637,-1.312734,-1.190844,689.948767,-0.142901,0.157528,-0.013333,-38.669166,5.841899,1000
638,0.638,-1.332770,-1.187429,689.978906,-0.142491,0.159932,-0.013485,-38.670411,5.831355,1000
639,0.639,-1.352748,-1.184068,690.008813,-0.142088,0.162330,-0.013637,-38.671587,5.820847,1000
640,0.640,-1.372665,-1.180762,690.038474,-0.141691,0.164720,-0.013787,-38.672693,5.810375,1000
641,0.641,-1.392519,-1.177512,690.067874,-0.141301,0.167102,-0.013938,-38.673728,5.799941,1000
642,0.642,-1.412305,-1.174318,690.096997,-0.140918,0.169477,-0.014088,-38.674695,5.789543,1000
643,0.643,-1.432022,-1.171181,690.125827,-0.140542,0.171843,-0.014237,-38.675591,5.779183,1000
644,0.644,-1.451667,-1.168102,690.154350,-0.140172,0.174200,-0.014386,-38.676418,5.768860,1000
645,0.645,-1.471236,-1.165081,690.182550,-0.139810,0.176548,-0.014535,-38.677176,5.758575,1000
646,0.646,-1.490728,-1.162118,690.210412,-0.139454,0.178887,-0.014683,-38.677864,5.748328,1000
647,0.647,-1.510139,-1.159215,690.237922,-0.139106,0.181217,-0.014831,-38.678482,5.738118,1000
648,0.648,-1.529466,-1.156371,690.265064,-0.138764,0.183536,-0.014978,-38.679032,5.727947,1000
649,0.649,-1.548708,-1.153587,690.291825,-0.138430,0.185845,-0.015125,-38.679513,5.717814,1000
650,0.650,-1.567860,-1.150863,690.318189,-0.138104,0.188143,-0.015271,-38.679924,5.707720,1000
651,0.651,-1.586921,-1.148201,690.344143,-0.137784,0.190431,-0.015417,-38.680267,5.697664,1000
652,0.652,-1.605888,-1.145600,690.369672,-0.137472,0.192707,-0.015562,-38.680541,5.687647,1000
653,0.653,-1.624757,-1.143061,690.394762,-0.137167,0.194971,-0.015707,-38.680746,5.677670,1000
654,0.654,-1.643527,-1.140585,690.419400,-0.136870,0.197223,-0.015851,-38.680883,5.667732,1000
655,0.655,-1.662195,-1.138171,690.443572,-0.136581,0.199463,-0.015995,-38.680951,5.657833,1000
656,0.656,-1.680758,-1.135821,690.467265,-0.136299,0.201691,-0.016138,-38.680951,5.647974,1000
657,0.657,-1.699213,-1.133535,690.490465,-0.136024,0.203906,-0.016281,-38.680883,5.638154,1000
658,0.658,-1.717558,-1.131312,690.513159,-0.135757,0.206107,-0.016423,-38.680747,5.628375,1000
659,0.659,-1.735791,-1.129154,690.535334,-0.135499,0.208295,-0.016565,-38.680544,5.618636,1000
660,0.660,-1.753908,-1.127061,690.556978,-0.135247,0.210469,-0.016706,-38.680272,5.608937,1000
661,0.661,-1.771907,-1.125034,690.578079,-0.135004,0.212629,-0.016847,-38.679933,5.599278,1000
662,0.662,-1.789787,-1.123072,690.598623,-0.134769,0.214774,-0.016987,-38.679527,5.589660,1000
663,0.663,-1.807543,-1.121176,690.618599,-0.134541,0.216905,-0.017127,-38.679054,5.580083,1000
664,0.664,-1.825175,-1.119347,690.637996,-0.134322,0.219021,-0.017266,-38.678514,5.570547,1000
665,0.665,-1.842678,-1.117584,690.656801,-0.134110,0.221121,-0.017404,-38.677907,5.561052,1000
666,0.666,-1.860052,-1.115888,690.675003,-0.133907,0.223206,-0.017542,-38.677233,5.551599,1000
667,0.667,-1.877293,-1.114260,690.692592,-0.133711,0.225275,-0.017679,-38.676493,5.542187,1000
668,0.668,-1.894399,-1.112699,690.709555,-0.133524,0.227328,-0.017816,-38.675687,5.532816,1000
669,0.669,-1.911369,-1.111207,690.725884,-0.133345,0.229364,-0.017952,-38.674815,5.523487,1000
670,0.670,-1.928198,-1.109782,690.741566,-0.133174,0.231384,-0.018088,-38.673876,5.514201,1000
671,0.671,-1.944886,-1.108426,690.756593,-0.133011,0.233386,-0.018223,-38.672873,5.504956,1000
672,0.672,-1.961430,-1.107139,690.770954,-0.132857,0.235372,-0.018357,-38.671804,5.495753,1000
673,0.673,-1.977828,-1.105921,690.784640,-0.132711,0.237339,-0.018491,-38.670669,5.486593,1000
674,0.674,-1.994077,-1.104773,690.797641,-0.132573,0.239289,-0.018625,-38.669470,5.477475,1000
675,0.675,-2.010175,-1.103694,690.809948,-0.132443,0.241221,-0.018757,-38.668206,5.468400,1000
676,0.676,-2.026121,-1.102684,690.821553,-0.132322,0.243135,-0.018889,-38.666877,5.459368,1000
677,0.677,-2.041912,-1.101745,690.832446,-0.132209,0.245029,-0.019021,-38.665484,5.450379,1000
678,0.678,-2.057545,-1.100875,690.842620,-0.132105,0.246905,-0.019152,-38.664027,5.441433,1000
679,0.679,-2.073020,-1.100076,690.852067,-0.132009,0.248762,-0.019282,-38.662507,5.432530,1000
680,0.680,-2.088333,-1.099348,690.860779,-0.131922,0.250600,-0.019412,-38.660922,5.423670,1000
681,0.681,-2.103484,-1.098690,690.868749,-0.131843,0.252418,-0.019541,-38.659275,5.414854,1000
682,0.682,-2.118469,-1.098103,690.875969,-0.131772,0.254216,-0.019669,-38.657564,5.406081,1000
683,0.683,-2.133287,-1.097587,690.882433,-0.131710,0.255994,-0.019797,-38.655791,5.397353,1000
684,0.684,-2.147936,-1.097142,690.888134,-0.131657,0.257752,-0.019924,-38.653955,5.388668,1000
685,0.685,-2.162414,-1.096769,690.893066,-0.131612,0.259490,-0.020051,-38.652056,5.380027,1000
686,0.686,-2.176720,-1.096466,690.897224,-0.131576,0.261206,-0.020176,-38.650096,5.371430,1000
687,0.687,-2.190851,-1.096235,690.900601,-0.131548,0.262902,-0.020302,-38.648074,5.362878,1000
688,0.688,-2.204805,-1.096076,690.903192,-0.131529,0.264577,-0.020426,-38.645991,5.354370,1000
689,0.689,-2.218582,-1.095988,690.904992,-0.131519,0.266230,-0.020550,-38.643846,5.345906,1000
690,0.690,-2.232179,-1.095972,690.905997,-0.131517,0.267861,-0.020673,-38.641641,5.337487,1000
691,0.691,-2.245595,-1.096028,690.906202,-0.131523,0.269471,-0.020796,-38.639375,5.329113,1000
692,0.692,-2.258827,-1.096155,690.905604,-0.131539,0.271059,-0.020918,-38.637049,5.320784,1000
693,0.693,-2.271875,-1.096354,690.904198,-0.131562,0.272625,-0.021039,-38.634663,5.312500,1000
694,0.694,-2.284737,-1.096625,690.901981,-0.131595,0.274168,-0.021160,-38.632217,5.304261,1000
695,0.695,-2.297410,-1.096968,690.898951,-0.131636,0.275689,-0.021280,-38.629712,5.296066,1000
696,0.696,-2.309895,-1.097382,690.895103,-0.131686,0.277187,-0.021399,-38.627147,5.287918,1000
697,0.697,-2.322189,-1.097868,690.890436,-0.131744,0.278663,-0.021518,-38.624525,5.279814,1000
698,0.698,-2.334290,-1.098426,690.884949,-0.131811,0.280115,-0.021635,-38.621843,5.271757,1000
699,0.699,-2.346198,-1.099056,690.878638,-0.131887,0.281544,-0.021753,-38.619104,5.263745,1000
700,0.700,-2.357912,-1.099758,690.871502,-0.131971,0.282949,-0.021869,-38.616307,5.255778,1000
701,0.701,-2.369429,-1.100531,690.863541,-0.132064,0.284331,-0.021985,-38.613453,5.247857,1000
702,0.702,-2.380748,-1.101375,690.854754,-0.132165,0.285690,-0.022100,-38.610541,5.239983,1000
703,0.703,-2.391869,-1.102291,690.845139,-0.132275,0.287024,-0.022214,-38.607573,5.232154,1000
704,0.704,-2.402790,-1.103279,690.834698,-0.132393,0.288335,-0.022328,-38.604549,5.224372,1000
705,0.705,-2.413509,-1.104337,690.823429,-0.132520,0.289621,-0.022441,-38.601468,5.216635,1000
706,0.706,-2.424027,-1.105467,690.811335,-0.132656,0.290883,-0.022553,-38.598332,5.208945,1000
707,0.707,-2.434341,-1.106668,690.798414,-0.132800,0.292121,-0.022665,-38.595141,5.201302,1000
708,0.708,-2.444451,-1.107939,690.784669,-0.132953,0.293334,-0.022775,-38.591894,5.193704,1000
709,0.709,-2.454356,-1.109282,690.770101,-0.133114,0.294523,-0.022885,-38.588594,5.186154,1000
710,0.710,-2.464054,-1.110695,690.754712,-0.133283,0.295687,-0.022995,-38.585239,5.178650,1000
711,0.711,-2.473546,-1.112178,690.738504,-0.133461,0.296825,-0.023103,-38.581830,5.171193,1000
712,0.712,-2.482829,-1.113732,690.721480,-0.133648,0.297939,-0.023211,-38.578368,5.163782,1000
713,0.713,-2.491903,-1.115355,690.703641,-0.133843,0.299028,-0.023318,-38.574852,5.156419,1000
714,0.714,-2.500767,-1.117049,690.684992,-0.134046,0.300092,-0.023425,-38.571284,5.149102,1000
715,0.715,-2.509421,-1.118812,690.665536,-0.134257,0.301131,-0.023530,-38.567664,5.141833,1000
716,0.716,-2.517864,-1.120644,690.645276,-0.134477,0.302144,-0.023635,-38.563992,5.134610,1000
717,0.717,-2.526095,-1.122545,690.624217,-0.134705,0.303131,-0.023739,-38.560269,5.127435,1000
718,0.718,-2.534114,-1.124516,690.602362,-0.134942,0.304094,-0.023843,-38.556494,5.120307,1000
719,0.719,-2.541919,-1.126555,690.579717,-0.135187,0.305030,-0.023945,-38.552669,5.113226,1000
720,0.720,-2.549511,-1.128662,690.556287,-0.135439,0.305941,-0.024047,-38.548794,5.106193,1000
721,0.721,-2.556888,-1.130837,690.532076,-0.135700,0.306827,-0.024148,-38.544868,5.099207,1000
722,0.722,-2.564051,-1.133080,690.507091,-0.135970,0.307686,-0.024248,-38.540894,5.092269,1000
723,0.723,-2.570999,-1.135391,690.481337,-0.136247,0.308520,-0.024348,-38.536870,5.085378,1000
724,0.724,-2.577731,-1.137769,690.454821,-0.136532,0.309328,-0.024447,-38.532798,5.078535,1000
725,0.725,-2.584248,-1.140213,690.427549,-0.136826,0.310110,-0.024544,-38.528677,5.071740,1000
726,0.726,-2.590548,-1.142724,690.399528,-0.137127,0.310866,-0.024642,-38.524509,5.064992,1000
727,0.727,-2.596632,-1.145301,690.370765,-0.137436,0.311596,-0.024738,-38.520294,5.058292,1000
728,0.728,-2.602500,-1.147944,690.341267,-0.137753,0.312300,-0.024834,-38.516032,5.051640,1000
729,0.729,-2.608150,-1.150653,690.311043,-0.138078,0.312978,-0.024928,-38.511723,5.045036,1000
730,0.730,-2.613584,-1.153426,690.280100,-0.138411,0.313630,-0.025022,-38.507369,5.038480,1000
731,0.731,-2.618801,-1.156264,690.248446,-0.138752,0.314256,-0.025116,-38.502969,5.031971,1000
732,0.732,-2.623801,-1.159167,690.216090,-0.139100,0.314856,-0.025208,-38.498524,5.025511,1000
733,0.733,-2.628584,-1.162133,690.183041,-0.139456,0.315430,-0.025299,-38.494034,5.019099,1000
734,0.734,-2.633149,-1.165162,690.149309,-0.139819,0.315978,-0.025390,-38.489500,5.012735,1000
735,0.735,-2.637498,-1.168255,690.114901,-0.140191,0.316500,-0.025480,-38.484923,5.006419,1000
736,0.736,-2.641630,-1.171410,690.079828,-0.140569,0.316996,-0.025569,-38.480302,5.000152,1000
737,0.737,-2.645546,-1.174627,690.044101,-0.140955,0.317465,-0.025658,-38.475639,4.993932,1000
738,0.738,-2.649245,-1.177906,690.007728,-0.141349,0.317909,-0.025745,-38.470933,4.987761,1000
739,0.739,-2.652727,-1.181246,689.970721,-0.141750,0.318327,-0.025832,-38.466185,4.981638,1000
740,0.740,-2.655994,-1.184647,689.933089,-0.142158,0.318719,-0.025918,-38.461397,4.975563,1000
741,0.741,-2.659045,-1.188108,689.894845,-0.142573,0.319085,-0.026003,-38.456567,4.969537,1000
742,0.742,-2.661881,-1.191629,689.855999,-0.142995,0.319426,-0.026087,-38.451697,4.963559,1000
743,0.743,-2.664502,-1.195209,689.816563,-0.143425,0.319740,-0.026170,-38.446787,4.957630,1000
744,0.744,-2.666909,-1.198847,689.776547,-0.143862,0.320029,-0.026253,-38.441838,4.951749,1000
745,0.745,-2.669102,-1.202544,689.735965,-0.144305,0.320292,-0.026334,-38.436850,4.945916,1000
746,0.746,-2.671081,-1.206298,689.694828,-0.144756,0.320530,-0.026415,-38.431824,4.940132,1000
747,0.747,-2.672848,-1.210110,689.653148,-0.145213,0.320742,-0.026495,-38.426760,4.934396,1000
748,0.748,-2.674403,-1.213978,689.610938,-0.145677,0.320928,-0.026574,-38.421658,4.928708,1000
749,0.749,-2.675746,-1.217902,689.568210,-0.146148,0.321090,-0.026653,-38.416519,4.923070,1000
750,0.750,-2.676878,-1.221881,689.524978,-0.146626,0.321225,-0.026730,-38.411345,4.917479,1000
751,0.751,-2.677800,-1.225915,689.481255,-0.147110,0.321336,-0.026807,-38.406134,4.911937,1000
752,0.752,-2.678513,-1.230003,689.437053,-0.147600,0.321422,-0.026883,-38.400888,4.906444,1000
753,0.753,-2.679018,-1.234145,689.392387,-0.148097,0.321482,-0.026957,-38.395607,4.900999,1000
754,0.754,-2.679315,-1.238340,689.347270,-0.148601,0.321518,-0.027031,-38.390292,4.895603,1000
755,0.755,-2.679405,-1.242587,689.301716,-0.149110,0.321529,-0.027105,-38.384943,4.890255,1000
756,0.756,-2.679289,-1.246886,689.255738,-0.149626,0.321515,-0.027177,-38.379561,4.884956,1000
757,0.757,-2.678968,-1.251236,689.209352,-0.150148,0.321476,-0.027248,-38.374146,4.879705,1000
758,0.758,-2.678444,-1.255636,689.162571,-0.150676,0.321413,-0.027319,-38.368699,4.874503,1000
759,0.759,-2.677717,-1.260086,689.115410,-0.151210,0.321326,-0.027388,-38.363220,4.869349,1000
760,0.760,-2.676788,-1.264586,689.067884,-0.151750,0.321215,-0.027457,-38.357710,4.864244,1000
761,0.761,-2.675659,-1.269134,689.020007,-0.152296,0.321079,-0.027525,-38.352169,4.859187,1000
762,0.762,-2.674330,-1.273729,688.971794,-0.152848,0.320920,-0.027592,-38.346599,4.854179,1000
763,0.763,-2.672803,-1.278372,688.923260,-0.153405,0.320736,-0.027658,-38.340999,4.849219,1000
764,0.764,-2.671079,-1.283061,688.874421,-0.153967,0.320529,-0.027724,-38.335370,4.844308,1000
765,0.765,-2.669159,-1.287796,688.825292,-0.154535,0.320299,-0.027788,-38.329713,4.839445,1000
766,0.766,-2.667046,-1.292576,688.775887,-0.155109,0.320045,-0.027851,-38.324027,4.834630,1000
767,0.767,-2.664739,-1.297400,688.726223,-0.155688,0.319769,-0.027914,-38.318315,4.829864,1000
768,0.768,-2.662240,-1.302267,688.676316,-0.156272,0.319469,-0.027976,-38.312575,4.825146,1000
769,0.769,-2.659551,-1.307177,688.626180,-0.156861,0.319146,-0.028037,-38.306810,4.820476,1000
770,0.770,-2.656674,-1.312130,688.575833,-0.157456,0.318801,-0.028096,-38.301019,4.815855,1000
771,0.771,-2.653609,-1.317123,688.525288,-0.158055,0.318433,-0.028156,-38.295203,4.811282,1000
772,0.772,-2.650359,-1.322158,688.474563,-0.158659,0.318043,-0.028214,-38.289362,4.806758,1000
773,0.773,-2.646924,-1.327232,688.423674,-0.159268,0.317631,-0.028271,-38.283497,4.802281,1000
774,0.774,-2.643307,-1.332345,688.372636,-0.159881,0.317197,-0.028327,-38.277609,4.797853,1000
775,0.775,-2.639508,-1.337496,688.321466,-0.160500,0.316741,-0.028383,-38.271698,4.793472,1000
776,0.776,-2.635531,-1.342685,688.270180,-0.161122,0.316264,-0.028437,-38.265765,4.789140,1000
777,0.777,-2.631376,-1.347910,688.218794,-0.161749,0.315765,-0.028491,-38.259811,4.784856,1000
778,0.778,-2.627045,-1.353171,688.167324,-0.162381,0.315245,-0.028543,-38.253835,4.780620,1000
779,0.779,-2.622540,-1.358467,688.115786,-0.163016,0.314705,-0.028595,-38.247838,4.776432,1000
780,0.780,-2.617862,-1.363798,688.064197,-0.163656,0.314143,-0.028646,-38.241822,4.772292,1000
781,0.781,-2.613014,-1.369162,688.012574,-0.164299,0.313562,-0.028696,-38.235787,4.768200,1000
782,0.782,-2.607997,-1.374558,687.960932,-0.164947,0.312960,-0.028745,-38.229732,4.764155,1000
783,0.783,-2.602814,-1.379986,687.909287,-0.165598,0.312338,-0.028793,-38.223660,4.760159,1000
784,0.784,-2.597465,-1.385446,687.857657,-0.166253,0.311696,-0.028840,-38.217570,4.756210,1000
785,0.785,-2.591954,-1.390935,687.806057,-0.166912,0.311034,-0.028886,-38.211463,4.752308,1000
786,0.786,-2.586282,-1.396453,687.754503,-0.167574,0.310354,-0.028932,-38.205339,4.748455,1000
787,0.787,-2.580450,-1.402000,687.703012,-0.168240,0.309654,-0.028976,-38.199200,4.744649,1000
788,0.788,-2.574462,-1.407574,687.651601,-0.168909,0.308935,-0.029020,-38.193045,4.740890,1000
789,0.789,-2.568319,-1.413175,687.600285,-0.169581,0.308198,-0.029062,-38.186876,4.737179,1000
790,0.790,-2.562023,-1.418802,687.549080,-0.170256,0.307443,-0.029104,-38.180693,4.733515,1000
791,0.791,-2.555576,-1.424454,687.498002,-0.170934,0.306669,-0.029144,-38.174497,4.729898,1000
792,0.792,-2.548980,-1.430129,687.447068,-0.171615,0.305878,-0.029184,-38.168287,4.726329,1000
793,0.793,-2.542238,-1.435828,687.396294,-0.172299,0.305069,-0.029223,-38.162066,4.722807,1000
794,0.794,-2.535352,-1.441549,687.345695,-0.172986,0.304242,-0.029261,-38.155833,4.719332,1000
795,0.795,-2.528324,-1.447291,687.295287,-0.173675,0.303399,-0.029298,-38.149588,4.715904,1000
796,0.796,-2.521156,-1.453054,687.245086,-0.174366,0.302539,-0.029334,-38.143334,4.712523,1000
797,0.797,-2.513850,-1.458836,687.195108,-0.175060,0.301662,-0.029369,-38.137070,4.709189,1000
798,0.798,-2.506409,-1.464637,687.145367,-0.175756,0.300769,-0.029403,-38.130796,4.705901,1000
799,0.799,-2.498835,-1.470455,687.095881,-0.176455,0.299860,-0.029436,-38.124514,4.702660,1000
800,0.800,-2.491130,-1.476291,687.046663,-0.177155,0.298936,-0.029469,-38.118224,4.699466,1000
801,0.801,-2.483297,-1.482142,686.997730,-0.177857,0.297996,-0.029500,-38.111926,4.696319,1000
802,0.802,-2.475338,-1.488008,686.949096,-0.178561,0.297041,-0.029530,-38.105622,4.693217,1000
803,0.803,-2.467255,-1.493888,686.900776,-0.179267,0.296071,-0.029560,-38.099312,4.690163,1000
804,0.804,-2.459051,-1.499781,686.852785,-0.179974,0.295086,-0.029588,-38.092996,4.687154,1000
805,0.805,-2.450728,-1.505686,686.805138,-0.180682,0.294087,-0.029616,-38.086676,4.684192,1000
806,0.806,-2.442289,-1.511603,686.757849,-0.181392,0.293075,-0.029642,-38.080351,4.681276,1000
807,0.807,-2.433736,-1.517529,686.710933,-0.182104,0.292048,-0.029668,-38.074022,4.678405,1000
808,0.808,-2.425072,-1.523465,686.664404,-0.182816,0.291009,-0.029693,-38.067691,4.675581,1000
809,0.809,-2.416298,-1.529409,686.618277,-0.183529,0.289956,-0.029716,-38.061357,4.672803,1000
810,0.810,-2.407418,-1.535361,686.572564,-0.184243,0.288890,-0.029739,-38.055021,4.670070,1000
811,0.811,-2.398434,-1.541319,686.527281,-0.184958,0.287812,-0.029761,-38.048684,4.667383,1000
812,0.812,-2.389349,-1.547282,686.482440,-0.185674,0.286722,-0.029782,-38.042347,4.664741,1000
813,0.813,-2.380165,-1.553250,686.438054,-0.186390,0.285620,-0.029802,-38.036009,4.662145,1000
814,0.814,-2.370884,-1.559221,686.394138,-0.187107,0.284506,-0.029821,-38.029673,4.659593,1000
815,0.815,-2.361510,-1.565195,686.350704,-0.187823,0.283381,-0.029839,-38.023337,4.657088,1000
816,0.816,-2.352045,-1.571171,686.307765,-0.188540,0.282245,-0.029856,-38.017004,4.654627,1000
817,0.817,-2.342491,-1.577147,686.265333,-0.189258,0.281099,-0.029872,-38.010673,4.652211,1000
818,0.818,-2.332851,-1.583122,686.223421,-0.189975,0.279942,-0.029887,-38.004346,4.649840,1000
819,0.819,-2.323128,-1.589097,686.182041,-0.190692,0.278775,-0.029902,-37.998022,4.647514,1000
820,0.820,-2.313325,-1.595068,686.141205,-0.191408,0.277599,-0.029915,-37.991703,4.645232,1000
821,0.821,-2.303443,-1.601037,686.100925,-0.192124,0.276413,-0.029927,-37.985389,4.642995,1000
822,0.822,-2.293486,-1.607001,686.061212,-0.192840,0.275218,-0.029938,-37.979081,4.640802,1000
823,0.823,-2.283457,-1.612960,686.022078,-0.193555,0.274015,-0.029949,-37.972779,4.638653,1000
824,0.824,-2.273357,-1.618913,685.983533,-0.194270,0.272803,-0.029958,-37.966485,4.636549,1000
825,0.825,-2.263191,-1.624858,685.945589,-0.194983,0.271583,-0.029967,-37.960197,4.634488,1000
826,0.826,-2.252959,-1.630796,685.908256,-0.195695,0.270355,-0.029974,-37.953918,4.632472,1000
827,0.827,-2.242666,-1.636724,685.871544,-0.196407,0.269120,-0.029981,-37.947648,4.630499,1000
828,0.828,-2.232313,-1.642641,685.835463,-0.197117,0.267878,-0.029986,-37.941388,4.628570,1000
829,0.829,-2.221904,-1.648548,685.800023,-0.197826,0.266628,-0.029991,-37.935138,4.626684,1000
830,0.830,-2.211440,-1.654442,685.765234,-0.198533,0.265373,-0.029995,-37.928898,4.624842,1000
831,0.831,-2.200926,-1.660323,685.731104,-0.199239,0.264111,-0.029997,-37.922670,4.623042,1000
832,0.832,-2.190363,-1.666190,685.697643,-0.199943,0.262844,-0.029999,-37.916454,4.621286,1000
833,0.833,-2.179755,-1.672041,685.664860,-0.200645,0.261571,-0.030000,-37.910251,4.619573,1000
834,0.834,-2.169104,-1.677877,685.632763,-0.201345,0.260292,-0.030000,-37.904061,4.617903,1000
835,0.835,-2.158412,-1.683695,685.601359,-0.202043,0.259009,-0.029999,-37.897885,4.616275,1000
836,0.836,-2.147683,-1.689495,685.570658,-0.202739,0.257722,-0.029997,-37.891724,4.614690,1000
837,0.837,-2.136918,-1.695276,685.540666,-0.203433,0.256430,-0.029994,-37.885578,4.613147,1000
838,0.838,-2.126122,-1.701037,685.511391,-0.204124,0.255135,-0.029990,-37.879448,4.611646,1000
839,0.839,-2.115296,-1.706776,685.482839,-0.204813,0.253836,-0.029985,-37.873334,4.610187,1000
840,0.840,-2.104444,-1.712494,685.455018,-0.205499,0.252533,-0.029979,-37.867237,4.608771,1000
841,0.841,-2.093568,-1.718188,685.427934,-0.206183,0.251228,-0.029972,-37.861158,4.607396,1000
842,0.842,-2.082670,-1.723858,685.401592,-0.206863,0.249920,-0.029964,-37.855098,4.606062,1000
843,0.843,-2.071754,-1.729503,685.375999,-0.207540,0.248610,-0.029955,-37.849057,4.604770,1000
844,0.844,-2.060821,-1.735122,685.351160,-0.208215,0.247299,-0.029945,-37.843035,4.603520,1000
845,0.845,-2.049876,-1.740714,685.327081,-0.208886,0.245985,-0.029935,-37.837034,4.602310,1000
846,0.846,-2.038920,-1.746278,685.303765,-0.209553,0.244670,-0.029923,-37.831053,4.601142,1000
847,0.847,-2.027956,-1.751813,685.281218,-0.210218,0.243355,-0.029910,-37.825094,4.600014,1000
848,0.848,-2.016987,-1.757318,685.259444,-0.210878,0.242038,-0.029897,-37.819157,4.598927,1000
849,0.849,-2.006016,-1.762792,685.238447,-0.211535,0.240722,-0.029882,-37.813244,4.597881,1000
850,0.850,-1.995045,-1.768234,685.218230,-0.212188,0.239405,-0.029867,-37.807353,4.596874,1000
851,0.851,-1.984076,-1.773643,685.198797,-0.212837,0.238089,-0.029850,-37.801487,4.595908,1000
852,0.852,-1.973113,-1.779018,685.180150,-0.213482,0.236774,-0.029833,-37.795645,4.594982,1000
853,0.853,-1.962158,-1.784358,685.162293,-0.214123,0.235459,-0.029815,-37.789829,4.594096,1000
854,0.854,-1.951214,-1.789662,685.145227,-0.214759,0.234146,-0.029795,-37.784038,4.593250,1000
855,0.855,-1.940283,-1.794930,685.128954,-0.215392,0.232834,-0.029775,-37.778274,4.592442,1000
856,0.856,-1.929367,-1.800160,685.113476,-0.216019,0.231524,-0.029754,-37.772538,4.591675,1000
857,0.857,-1.918471,-1.805351,685.098795,-0.216642,0.230216,-0.029732,-37.766829,4.590946,1000
858,0.858,-1.907595,-1.810502,685.084912,-0.217260,0.228911,-0.029709,-37.761148,4.590256,1000
859,0.859,-1.896743,-1.815613,685.071826,-0.217874,0.227609,-0.029685,-37.755497,4.589605,1000
860,0.860,-1.885917,-1.820682,685.059539,-0.218482,0.226310,-0.029660,-37.749875,4.588993,1000
861,0.861,-1.875120,-1.825709,685.048051,-0.219085,0.225014,-0.029634,-37.744284,4.588419,1000
862,0.862,-1.864354,-1.830692,685.037360,-0.219683,0.223722,-0.029607,-37.738724,4.587883,1000
863,0.863,-1.853621,-1.835631,685.027467,-0.220276,0.222435,-0.029579,-37.733195,4.587385,1000
864,0.864,-1.842925,-1.840524,685.018371,-0.220863,0.221151,-0.029550,-37.727698,4.586926,1000
865,0.865,-1.832267,-1.845372,685.010070,-0.221445,0.219872,-0.029520,-37.722234,4.586503,1000
866,0.866,-1.821650,-1.850172,685.002562,-0.222021,0.218598,-0.029490,-37.716804,4.586119,1000
867,0.867,-1.811077,-1.854924,684.995847,-0.222591,0.217329,-0.029458,-37.711407,4.585771,1000
868,0.868,-1.800550,-1.859627,684.989920,-0.223155,0.216066,-0.029425,-37.706045,4.585461,1000
869,0.869,-1.790071,-1.864280,684.984781,-0.223714,0.214809,-0.029392,-37.700719,4.585187,1000
870,0.870,-1.779643,-1.868882,684.980426,-0.224266,0.213557,-0.029357,-37.695428,4.584950,1000
871,0.871,-1.769267,-1.873433,684.976851,-0.224812,0.212312,-0.029322,-37.690174,4.584750,1000
872,0.872,-1.758947,-1.877931,684.974054,-0.225352,0.211074,-0.029286,-37.684956,4.584586,1000
873,0.873,-1.748684,-1.882375,684.972030,-0.225885,0.209842,-0.029248,-37.679777,4.584458,1000
874,0.874,-1.738482,-1.886765,684.970775,-0.226412,0.208618,-0.029210,-37.674635,4.584366,1000
875,0.875,-1.728341,-1.891099,684.970285,-0.226932,0.207401,-0.029171,-37.669533,4.584310,1000
876,0.876,-1.718265,-1.895378,684.970554,-0.227445,0.206192,-0.029131,-37.664470,4.584289,1000
877,0.877,-1.708256,-1.899599,684.971579,-0.227952,0.204991,-0.029090,-37.659447,4.584304,1000
878,0.878,-1.698315,-1.903763,684.973352,-0.228452,0.203798,-0.029048,-37.654465,4.584354,1000
879,0.879,-1.688446,-1.907868,684.975870,-0.228944,0.202613,-0.029005,-37.649524,4.584438,1000
880,0.880,-1.678649,-1.911913,684.979125,-0.229430,0.201438,-0.028961,-37.644625,4.584557,1000
881,0.881,-1.668928,-1.915897,684.983111,-0.229908,0.200271,-0.028917,-37.639768,4.584711,1000
882,0.882,-1.659284,-1.919820,684.987821,-0.230378,0.199114,-0.028871,-37.634954,4.584899,1000
883,0.883,-1.649719,-1.923682,684.993250,-0.230842,0.197966,-0.028825,-37.630184,4.585121,1000
884,0.884,-1.640236,-1.927480,684.999388,-0.231298,0.196828,-0.028777,-37.625459,4.585377,1000
885,0.885,-1.630836,-1.931214,685.006230,-0.231746,0.195700,-0.028729,-37.620778,4.585666,1000
886,0.886,-1.621522,-1.934884,685.013767,-0.232186,0.194583,-0.028679,-37.616142,4.585989,1000
887,0.887,-1.612294,-1.938488,685.021990,-0.232619,0.193475,-0.028629,-37.611552,4.586345,1000
888,0.888,-1.603157,-1.942026,685.030893,-0.233043,0.192379,-0.028578,-37.607009,4.586734,1000
889,0.889,-1.594110,-1.945497,685.040465,-0.233460,0.191293,-0.028526,-37.602513,4.587156,1000
890,0.890,-1.585156,-1.948900,685.050698,-0.233868,0.190219,-0.028473,-37.598065,4.587610,1000
891,0.891,-1.576298,-1.952234,685.061584,-0.234268,0.189156,-0.028419,-37.593665,4.588097,1000
892,0.892,-1.567536,-1.955499,685.073111,-0.234660,0.188104,-0.028364,-37.589314,4.588615,1000
893,0.893,-1.558872,-1.958694,685.085272,-0.235043,0.187065,-0.028308,-37.585013,4.589166,1000
894,0.894,-1.550309,-1.961818,685.098055,-0.235418,0.186037,-0.028252,-37.580761,4.589748,1000
895,0.895,-1.541847,-1.964870,685.111450,-0.235784,0.185022,-0.028194,-37.576560,4.590361,1000
896,0.896,-1.533489,-1.967849,685.125447,-0.236142,0.184019,-0.028136,-37.572410,4.591006,1000
897,0.897,-1.525237,-1.970756,685.140036,-0.236491,0.183028,-0.028077,-37.568312,4.591682,1000
898,0.898,-1.517091,-1.973588,685.155205,-0.236831,0.182051,-0.028016,-37.564266,4.592388,1000
899,0.899,-1.509053,-1.976346,685.170943,-0.237162,0.181086,-0.027955,-37.560273,4.593125,1000
900,0.900,-1.501126,-1.979029,685.187239,-0.237483,0.180135,-0.027893,-37.556333,4.593892,1000
901,0.901,-1.493310,-1.981635,685.204080,-0.237796,0.179197,-0.027830,-37.552448,4.594689,1000
902,0.902,-1.485607,-1.984164,685.221456,-0.238100,0.178273,-0.027767,-37.548616,4.595516,1000
903,0.903,-1.478019,-1.986617,685.239353,-0.238394,0.177362,-0.027702,-37.544840,4.596373,1000
904,0.904,-1.470546,-1.988990,685.257760,-0.238679,0.176465,-0.027636,-37.541119,4.597259,1000
905,0.905,-1.463190,-1.991285,685.276664,-0.238954,0.175583,-0.027570,-37.537454,4.598173,1000
906,0.906,-1.455953,-1.993501,685.296052,-0.239220,0.174714,-0.027503,-37.533847,4.599117,1000
907,0.907,-1.448836,-1.995636,685.315912,-0.239476,0.173860,-0.027434,-37.530296,4.600090,1000
908,0.908,-1.441840,-1.997691,685.336230,-0.239723,0.173021,-0.027365,-37.526803,4.601090,1000
909,0.909,-1.434966,-1.999664,685.356993,-0.239960,0.172196,-0.027295,-37.523368,4.602119,1000
910,0.910,-1.428216,-2.001555,685.378187,-0.240187,0.171386,-0.027225,-37.519992,4.603176,1000
911,0.911,-1.421591,-2.003363,685.399799,-0.240404,0.170591,-0.027153,-37.516675,4.604260,1000
912,0.912,-1.415091,-2.005087,685.421814,-0.240610,0.169811,-0.027080,-37.513418,4.605372,1000
913,0.913,-1.408719,-2.006728,685.444220,-0.240807,0.169046,-0.027007,-37.510222,4.606510,1000
914,0.914,-1.402474,-2.008284,685.467001,-0.240994,0.168297,-0.026933,-37.507086,4.607676,1000
915,0.915,-1.396358,-2.009755,685.490143,-0.241171,0.167563,-0.026857,-37.504012,4.608868,1000
916,0.916,-1.390372,-2.011141,685.513632,-0.241337,0.166845,-0.026781,-37.501000,4.610087,1000
917,0.917,-1.384517,-2.012440,685.537454,-0.241493,0.166142,-0.026704,-37.498050,4.611332,1000
918,0.918,-1.378794,-2.013652,685.561592,-0.241638,0.165455,-0.026627,-37.495163,4.612603,1000
919,0.919,-1.373204,-2.014776,685.586034,-0.241773,0.164784,-0.026548,-37.492339,4.613899,1000
920,0.920,-1.367746,-2.015813,685.610763,-0.241898,0.164130,-0.026469,-37.489580,4.615221,1000
921,0.921,-1.362424,-2.016761,685.635764,-0.242011,0.163491,-0.026388,-37.486885,4.616568,1000
922,0.922,-1.357236,-2.017620,685.661022,-0.242114,0.162868,-0.026307,-37.484255,4.617940,1000
923,0.923,-1.352183,-2.018389,685.686522,-0.242207,0.162262,-0.026225,-37.481690,4.619336,1000
924,0.924,-1.347267,-2.019069,685.712248,-0.242288,0.161672,-0.026143,-37.479191,4.620757,1000
925,0.925,-1.342488,-2.019657,685.738185,-0.242359,0.161099,-0.026059,-37.476759,4.622202,1000
926,0.926,-1.337847,-2.020155,685.764317,-0.242419,0.160542,-0.025974,-37.474394,4.623670,1000
927,0.927,-1.333343,-2.020561,685.790629,-0.242467,0.160001,-0.025889,-37.472095,4.625163,1000
928,0.928,-1.328978,-2.020876,685.817104,-0.242505,0.159477,-0.025803,-37.469865,4.626679,1000
929,0.929,-1.324752,-2.021097,685.843726,-0.242532,0.158970,-0.025716,-37.467703,4.628217,1000
930,0.930,-1.320666,-2.021226,685.870481,-0.242547,0.158480,-0.025628,-37.465610,4.629779,1000
931,0.931,-1.316719,-2.021262,685.897351,-0.242551,0.158006,-0.025540,-37.463587,4.631363,1000
932,0.932,-1.312913,-2.021204,685.924321,-0.242544,0.157550,-0.025450,-37.461633,4.632969,1000
933,0.933,-1.309247,-2.021051,685.951375,-0.242526,0.157110,-0.025360,-37.459749,4.634598,1000
934,0.934,-1.305722,-2.020804,685.978496,-0.242497,0.156687,-0.025269,-37.457936,4.636248,1000
935,0.935,-1.302337,-2.020462,686.005669,-0.242455,0.156280,-0.025177,-37.456194,4.637920,1000
936,0.936,-1.299094,-2.020025,686.032877,-0.242403,0.155891,-0.025085,-37.454523,4.639612,1000
937,0.937,-1.295992,-2.019492,686.060104,-0.242339,0.155519,-0.024991,-37.452925,4.641326,1000
938,0.938,-1.293032,-2.018863,686.087334,-0.242264,0.155164,-0.024897,-37.451399,4.643061,1000
939,0.939,-1.290213,-2.018137,686.114551,-0.242176,0.154826,-0.024802,-37.449946,4.644816,1000
940,0.940,-1.287535,-2.017315,686.141738,-0.242078,0.154504,-0.024706,-37.448566,4.646591,1000
941,0.941,-1.284999,-2.016395,686.168880,-0.241967,0.154200,-0.024609,-37.447260,4.648386,1000
942,0.942,-1.282604,-2.015379,686.195959,-0.241845,0.153912,-0.024512,-37.446029,4.650201,1000
943,0.943,-1.280350,-2.014264,686.222961,-0.241712,0.153642,-0.024414,-37.444872,4.652035,1000
944,0.944,-1.278238,-2.013051,686.249869,-0.241566,0.153389,-0.024315,-37.443790,4.653888,1000
945,0.945,-1.276266,-2.011740,686.276667,-0.241409,0.153152,-0.024215,-37.442783,4.655759,1000
946,0.946,-1.274435,-2.010331,686.303338,-0.241240,0.152932,-0.024114,-37.441853,4.657650,1000
947,0.947,-1.272744,-2.008822,686.329867,-0.241059,0.152729,-0.024013,-37.440999,4.659558,1000
948,0.948,-1.271194,-2.007215,686.356238,-0.240866,0.152543,-0.023911,-37.440221,4.661485,1000
949,0.949,-1.269783,-2.005508,686.382436,-0.240661,0.152374,-0.023808,-37.439521,4.663429,1000
950,0.950,-1.268512,-2.003701,686.408443,-0.240444,0.152221,-0.023705,-37.438898,4.665391,1000
951,0.951,-1.267379,-2.001795,686.434245,-0.240215,0.152086,-0.023600,-37.438353,4.667370,1000
952,0.952,-1.266386,-1.999789,686.459826,-0.239975,0.151966,-0.023495,-37.437887,4.669366,1000
953,0.953,-1.265530,-1.997682,686.485170,-0.239722,0.151864,-0.023389,-37.437499,4.671378,1000
954,0.954,-1.264811,-1.995475,686.510262,-0.239457,0.151777,-0.023283,-37.437190,4.673407,1000
955,0.955,-1.264230,-1.993168,686.535087,-0.239180,0.151708,-0.023175,-37.436961,4.675451,1000
956,0.956,-1.263784,-1.990760,686.559629,-0.238891,0.151654,-0.023067,-37.436812,4.677512,1000
957,0.957,-1.263474,-1.988251,686.583873,-0.238590,0.151617,-0.022958,-37.436743,4.679588,1000
958,0.958,-1.263299,-1.985640,686.607804,-0.238277,0.151596,-0.022849,-37.436754,4.681679,1000
959,0.959,-1.263258,-1.982929,686.631407,-0.237951,0.151591,-0.022739,-37.436847,4.683785,1000
960,0.960,-1.263351,-1.980117,686.654668,-0.237614,0.151602,-0.022628,-37.437021,4.685906,1000
961,0.961,-1.263576,-1.977203,686.677572,-0.237264,0.151629,-0.022516,-37.437276,4.688041,1000
962,0.962,-1.263933,-1.974187,686.700104,-0.236902,0.151672,-0.022403,-37.437614,4.690190,1000
963,0.963,-1.264420,-1.971070,686.722250,-0.236528,0.151730,-0.022290,-37.438034,4.692353,1000
964,0.964,-1.265037,-1.967851,686.743996,-0.236142,0.151804,-0.022176,-37.438537,4.694529,1000
965,0.965,-1.265783,-1.964531,686.765327,-0.235744,0.151894,-0.022062,-37.439123,4.696719,1000
966,0.966,-1.266657,-1.961109,686.786231,-0.235333,0.151999,-0.021946,-37.439793,4.698922,1000
967,0.967,-1.267658,-1.957585,686.806692,-0.234910,0.152119,-0.021830,-37.440546,4.701137,1000
968,0.968,-1.268784,-1.953960,686.826699,-0.234475,0.152254,-0.021714,-37.441384,4.703365,1000
969,0.969,-1.270035,-1.950232,686.846237,-0.234028,0.152404,-0.021596,-37.442306,4.705604,1000
970,0.970,-1.271410,-1.946403,686.865293,-0.233568,0.152569,-0.021478,-37.443313,4.707856,1000
971,0.971,-1.272906,-1.942472,686.883855,-0.233097,0.152749,-0.021359,-37.444404,4.710119,1000
972,0.972,-1.274524,-1.938439,686.901909,-0.232613,0.152943,-0.021240,-37.445582,4.712393,1000
973,0.973,-1.276261,-1.934304,686.919443,-0.232116,0.153151,-0.021120,-37.446845,4.714679,1000
974,0.974,-1.278117,-1.930068,686.936445,-0.231608,0.153374,-0.020999,-37.448194,4.716975,1000
975,0.975,-1.280090,-1.925730,686.952903,-0.231088,0.153611,-0.020877,-37.449629,4.719281,1000
976,0.976,-1.282179,-1.921290,686.968804,-0.230555,0.153862,-0.020755,-37.451151,4.721597,1000
977,0.977,-1.284383,-1.916749,686.984138,-0.230010,0.154126,-0.020632,-37.452760,4.723924,1000
978,0.978,-1.286699,-1.912106,686.998892,-0.229453,0.154404,-0.020509,-37.454456,4.726259,1000
979,0.979,-1.289126,-1.907363,687.013055,-0.228884,0.154695,-0.020385,-37.456240,4.728604,1000
980,0.980,-1.291664,-1.902517,687.026617,-0.228302,0.155000,-0.020260,-37.458112,4.730958,1000
981,0.981,-1.294310,-1.897571,687.039567,-0.227709,0.155317,-0.020135,-37.460071,4.733321,1000
982,0.982,-1.297063,-1.892524,687.051894,-0.227103,0.155648,-0.020008,-37.462119,4.735692,1000
983,0.983,-1.299921,-1.887376,687.063587,-0.226485,0.155990,-0.019882,-37.464256,4.738071,1000
984,0.984,-1.302882,-1.882128,687.074638,-0.225855,0.156346,-0.019754,-37.466481,4.740457,1000
985,0.985,-1.305946,-1.876779,687.085036,-0.225213,0.156714,-0.019626,-37.468795,4.742851,1000
986,0.986,-1.309110,-1.871329,687.094772,-0.224560,0.157093,-0.019498,-37.471199,4.745253,1000
987,0.987,-1.312373,-1.865780,687.103836,-0.223894,0.157485,-0.019369,-37.473693,4.747661,1000
988,0.988,-1.315732,-1.860131,687.112220,-0.223216,0.157888,-0.019239,-37.476276,4.750076,1000
989,0.989,-1.319186,-1.854382,687.119915,-0.222526,0.158302,-0.019108,-37.478950,4.752497,1000
990,0.990,-1.322734,-1.848533,687.126913,-0.221824,0.158728,-0.018977,-37.481714,4.754925,1000
991,0.991,-1.326373,-1.842586,687.133206,-0.221110,0.159165,-0.018845,-37.484568,4.757358,1000
992,0.992,-1.330101,-1.836539,687.138785,-0.220385,0.159612,-0.018713,-37.487514,4.759796,1000
993,0.993,-1.333917,-1.830394,687.143643,-0.219647,0.160070,-0.018580,-37.490550,4.762240,1000
994,0.994,-1.337819,-1.824150,687.147774,-0.218898,0.160538,-0.018447,-37.493678,4.764689,1000
995,0.995,-1.341804,-1.817808,687.151170,-0.218137,0.161016,-0.018313,-37.496897,4.767142,1000
996,0.996,-1.345871,-1.811368,687.153824,-0.217364,0.161505,-0.018178,-37.500208,4.769599,1000
997,0.997,-1.350018,-1.804831,687.155730,-0.216580,0.162002,-0.018043,-37.503611,4.772061,1000
998,0.998,-1.354242,-1.798197,687.156883,-0.215784,0.162509,-0.017907,-37.507105,4.774526,1000
999,0.999,-1.358543,-1.791465,687.157275,-0.214976,0.163025,-0.017771,-37.510693,4.776995,1000
